Ticker,Close_2020,Volatility_2020_%,Avg_Volume_2020,Return_2020_%,Momentum_6M_%,RSI_2020,Distance_from_MA_%,ROE_%,Operating_Margin_%,Debt_to_Equity,Revenue_Growth_%,Market_Cap_2020,Sector,Basic_Qualified
A,113.26593780517578,36.69925528293534,1854016.6666666667,37.46196900706134,32.61352839066181,54.656531477083135,4.650482997804571,20.618999,26.384002000000002,0.52559,9.4,41053696000,Healthcare,False
AAPL,130.17002868652344,46.78091222738867,157796583.33333334,79.62350082538828,47.41939848665171,72.2262229549334,10.807963017932952,171.42199,31.647,1.52411,7.9,3813037572096,Technology,True
ABBV,86.62450408935547,34.96225749175165,9462549.603174603,24.062170252934337,9.22927778908697,36.42182247963334,7.07158756718766,137.961,35.497,,9.1,382886379520,Healthcare,True
ABT,99.07518005371094,39.36942105322639,6718530.158730159,26.681594161205428,18.4255058215163,64.44132219182134,-0.3140139014503453,30.620000000000005,19.395,0.2531,6.9,214911877120,Healthcare,True
ADBE,497.45001220703125,48.086944874088225,3079301.984126984,48.74563379525965,12.303871429746602,59.55936487941476,3.816578897075895,55.425999999999995,36.503,0.57197,10.5,128944070656,Technology,True
ADI,133.95535278320312,50.214837816141575,2940360.3174603176,23.884579549210965,21.73084441545463,63.51347757692048,8.235539248322016,6.5729999999999995,30.501,0.265,25.900000000000002,147948994560,Technology,True
ADP,156.67539978027344,44.66133746122918,2250287.698412698,4.5312510180413215,16.853386193384388,52.57154575194378,3.295934660507248,70.572996,25.891,1.54917,7.1,105416450048,Technology,True
ADSK,299.4100036621094,50.4865097939987,1680217.4603174604,59.40478131465722,24.676248707784172,71.3979670637674,11.43233955756822,40.333998,25.688,0.9450400000000001,18.0,55820910592,Technology,False
AEE,66.47189331054688,43.28963437993385,1606075.0,3.8146127287528433,6.471475975219724,45.20233020338215,-3.1984193726621375,11.387,34.0,1.5573599999999999,24.8,27901550592,Utilities,False
AEP,67.87315368652344,38.573380483103655,3145892.8571428573,-9.93259627306806,0.409934593310346,40.45662665925871,-5.379248744034332,12.923001000000001,25.885,1.52132,10.9,63900004352,Utilities,True
AFL,39.177974700927734,58.239696468759725,4046538.492063492,-15.214885792841667,26.57546243500854,39.85366121160369,5.54919249917385,15.58,43.269999999999996,0.50003,60.699999999999996,58585440256,Financial Services,True
AIG,33.47683334350586,71.28933889860426,6996319.047619048,-24.407311439946337,27.833794454585703,29.17732379043413,2.978844036671276,7.688000000000001,15.235000000000001,0.2248,-4.1000000000000005,41001824256,Financial Services,True
AJG,115.39881134033203,40.44343856864787,1030125.7936507936,29.596017927721906,26.039122279810623,61.53007732517419,5.743441673228637,9.0670004,17.212,0.58979,20.0,65700986880,Financial Services,False
ALB,140.7071533203125,61.693310111501795,1484991.6666666667,109.08022476151824,91.30079225435203,60.42427190996971,20.008289115777323,0.209,-2.244,0.36655,-3.5000000000000004,20455243776,Basic Materials,False
ALGN,524.3200073242188,71.69130331633828,920360.7142857143,84.82798253716318,87.3039763665101,62.14113471950498,9.262197578396773,9.5769994,15.673,0.03064,1.7999999999999998,12424525824,Healthcare,False
ALL,95.63358306884766,43.04873837185448,2054909.5238095238,-2.056366355525759,16.218104860752096,68.9744656186258,8.957057028269602,34.469001999999996,24.439,0.2943,3.8,51496845312,Financial Services,True
AMAT,83.29598236083984,59.0907561237473,8300647.222222222,41.72569647996768,43.488453852538136,46.188786239912325,13.50318588542997,35.508,28.441,0.34533,-3.5000000000000004,254136909824,Technology,True
AMD,92.29000091552734,60.97001057214734,61718450.0,87.9633478281475,76.32785755917536,57.68750080466309,6.435245159652453,5.317,13.736,0.06366,35.6,370933006336,Technology,True
AMGN,194.0781707763672,38.4432176592648,2806983.73015873,-2.770048014481553,-10.840614727024144,45.02221945041195,0.19702386698396776,81.71000000000001,34.153,5.67491,12.4,177817075712,Healthcare,True
AMT,190.2599334716797,43.981918024737375,2080276.5873015872,-1.7446120732961496,-15.730705371952745,54.86995495320066,-3.7471840075988037,28.839,45.477000000000004,4.180899999999999,7.7,85057830912,Real Estate,True
AMZN,164.29249572753906,38.57137510697255,98776468.25396825,73.12079511219653,13.685428101871674,72.38992925259322,3.5789030258344963,24.326999999999998,11.057,0.43405,13.4,2544698916864,Consumer Cyclical,True
ANET,18.059999465942383,49.04377027106468,12336666.666666666,41.14888126810733,37.26663768721664,65.51157918577657,10.34735328498602,31.735999999999997,42.378,,27.500000000000004,164500422656,Technology,True
AON,199.1397705078125,39.88533463387894,1532861.111111111,-0.08348818138854358,8.467394308106908,49.394650451812325,2.015709396058862,37.69,20.365,2.1488,7.3999999999999995,74290905088,Financial Services,False
APD,238.3145294189453,44.046673094076226,1220198.4126984128,19.26473509110726,10.072682508125501,51.06979527709141,-2.274550924697606,-1.923,-89.169,1.06228,-0.6,59083644928,Basic Materials,False
APH,30.996845245361328,40.994463031527054,6366855.555555556,20.110661657348412,36.05997354866576,37.15642641057781,3.6980754488758483,34.807998,27.481002,0.6399,53.400000000000006,188798337024,Technology,True
APTV,130.7899932861328,72.07763036859701,2014355.1587301588,36.14644905034889,70.27730431362265,72.20126667373627,14.325117849615898,3.2939999999999996,11.4350006,0.85425,7.3999999999999995,17978249216,Consumer Cyclical,True
ARE,142.4703826904297,42.06355263843475,914628.1746031746,12.572306055198649,7.459723919813829,64.15119498546244,6.535746002836731,-1.084,19.073,0.66083,-5.0,9781462016,Real Estate,False
ATO,82.4478988647461,41.677961979634965,967417.0634920635,-13.337742919874984,-6.466984478603694,36.897423075997466,-2.9147873446556214,9.322999999999999,30.696,0.68616,12.1,27531128832,Utilities,False
AVB,133.57362365722656,50.65467753513783,1100723.8095238095,-20.524200591873058,0.8997186779859386,37.95015878239621,-0.13927589073763558,9.754,29.28,0.73165,4.3999999999999995,25744273408,Real Estate,False
AVGO,39.11763000488281,51.373421545816825,24484650.793650795,41.037864466716,40.27743037137886,64.73715872150657,11.354525239526668,31.048,31.765,1.66032,16.400000000000002,1626019856384,Technology,True
AWK,136.56048583984375,42.87448082930661,1001482.5396825396,27.272918610207284,15.75272534629611,56.24287967217549,-2.0212895677194567,10.456999999999999,42.591,1.4098300000000001,9.700000000000001,25989791744,Utilities,False
AXON,123.87999725341797,66.39197557917242,804784.9206349206,61.807734069751966,23.460236968972374,50.85927154174059,4.461448964124348,10.027999999999999,-0.22899999999999998,0.6933,30.599999999999998,50644430848,Industrials,False
AXP,112.0264892578125,64.38033589373539,5257925.0,-3.740801528028675,27.137534880805227,43.041773449641425,6.356451493735491,33.935001,22.052999,1.85273,12.2,248767447040,Financial Services,True
AZO,1175.8699951171875,41.44323042223534,259149.20634920636,-1.1658005304549908,2.341229544720018,65.2055495051849,1.7407192898183665,,16.941999,,8.200000000000001,57616379904,Consumer Cyclical,False
BA,216.6699981689453,87.74597852040485,28484836.111111112,-34.60964777764576,19.832974445304487,19.059121494145884,9.095503747877851,,-20.4,,30.4,193958920192,Industrials,True
BAC,26.5693416595459,58.81223564837374,68202924.6031746,-13.625055627562302,30.429356426498217,62.24069891738533,10.1463990761699,9.871,35.292998,,12.6,383709609984,Financial Services,True
BAX,71.17356872558594,37.05650898550551,3132088.888888889,-6.719383476897682,-8.63289419211391,49.39166341325368,0.5174381101778318,-4.658,10.123,1.34627,5.0,10471317504,Healthcare,True
BDX,222.03695678710938,36.52346722481425,1874726.0833333333,-8.265629860109538,1.3644770909285449,60.79683744686044,3.182620967743252,6.544,17.858,0.7885,8.3,59429851136,Healthcare,False
BIIB,243.5800018310547,69.38662176577571,1698432.9365079366,-17.217234259343,-8.124620429557481,47.8147217366175,-3.7020800749184817,9.307,30.718002,0.36194000000000004,2.8000000000000003,24729602048,Healthcare,False
BK,36.08878707885742,48.861682345493364,5763422.619047619,-15.43730601691583,11.767587152927383,57.12033524850784,7.491118204640368,12.898000000000001,36.638,,7.8,86408536064,Financial Services,True
BKNG,2169.75732421875,52.36514767482047,490225.79365079367,6.299112721427182,32.05309775144275,65.02747146288294,11.753660820761283,,44.904998,,12.7,168306802688,Consumer Cyclical,False
BKR,18.66539192199707,70.56690513597727,7070692.857142857,-13.617218366035837,40.741766116238175,31.18812067096171,13.795770179871965,16.89,13.524,0.33042,1.5,51302375424,Energy,True
BLK,628.8211669921875,47.93251298860176,890027.380952381,42.84997641491775,29.912931175037606,54.80029191394726,5.252156799080954,12.0740004,32.14,0.2432,25.2,179560792064,Financial Services,False
BMY,50.373199462890625,29.734357896455005,13192633.333333334,0.06613214835516458,5.488040976392704,55.746993861062755,0.2723589619344599,33.777002,31.566,2.74414,2.8000000000000003,115213451264,Healthcare,True
BSX,35.54999923706055,44.49736749412898,10991698.80952381,-21.575120668303292,0.48049226628915037,64.31450031302057,1.2982103556269307,12.488000000000001,20.730999999999998,0.50973,20.3,133434605568,Healthcare,True
C,50.907569885253906,67.5695449719372,25050648.015873015,-22.05357434898206,23.12215181546652,57.757889331888,16.401418665518825,6.8309999999999995,21.562,,3.6999999999999997,216020172800,Financial Services,True
CAG,28.84389305114746,33.86878505672308,3686806.3492063493,10.273689362533418,3.4180920200045275,57.60878033410144,0.5141663626761181,-1.16,11.413,0.94229,-6.800000000000001,8311669760,Consumer Defensive,True
CAH,46.975067138671875,46.03677785621998,2528888.095238095,10.017270617106282,4.344050611588327,31.880083514027888,1.0339568156940255,,1.205,,22.400000000000002,50698031104,Healthcare,True
CAT,163.7113037109375,44.99882746168879,3886261.111111111,23.207100892055653,42.88776075740082,49.93893878263502,4.596221211029242,46.283,17.746000000000002,2.01046,9.5,303194865664,Industrials,True
CB,141.57261657714844,48.41905377302467,2273955.1587301586,-0.13174971042511563,22.412677210602553,48.89676928435311,4.915659177966618,13.639999999999999,25.623,0.30957999999999997,9.1,119890157568,Financial Services,True
CCI,124.0567855834961,42.80577458399176,2174230.9523809524,13.836751461676744,-6.910234545361906,47.70654392380304,-2.2818668292377216,-206.679,49.254,,-4.3,39367303168,Real Estate,True
CCL,21.790000915527344,121.28319599271215,45605743.65079365,-57.03699480588599,37.216629461557766,43.818684521683906,18.017272028806055,25.632998,11.5959994,2.27882,6.6000000000000005,38641209344,Consumer Cyclical,True
CDNS,135.25,46.307082222226505,1866898.8095238095,89.31970237673146,38.264159090113196,90.29362264448004,14.241261132094248,21.736,35.089,0.47685,10.100000000000001,87360290816,Technology,False
CE,118.74592590332031,53.62486056699075,935280.5555555555,9.472077747198238,48.22610742456873,46.71739085399398,2.4127766722642194,-50.507999999999996,9.053001,3.0153,-8.6,5157680640,Basic Materials,False
CFG,28.61664581298828,76.4529465343623,5500743.650793651,-7.988392210522946,53.475010152652935,46.93564883719289,9.63527859144233,6.7140006,32.026002,,13.600000000000001,26128965632,Financial Services,True
CHD,81.71843719482422,32.955984179835276,1631686.111111111,25.27926717411539,11.341293164115896,51.8217155043011,-0.8844670856467273,18.594,16.057,0.56855,5.0,22011265024,Consumer Defensive,False
CHTR,653.489990234375,35.11216937046663,1248536.111111111,33.248373874717565,26.231912370828336,54.52707825464959,2.5890823825406217,31.326999999999998,23.858999,4.97907,-0.8999999999999999,26581972992,Communication Services,False
CI,186.674560546875,53.58272115517928,2116938.888888889,-0.413911489625513,7.118478923175029,32.58935919348336,1.1863666067204264,15.537999999999998,4.0,0.81021,9.5,74196869120,Healthcare,True
CL,75.31928253173828,31.853483405908495,4134142.8571428573,27.340521209717338,16.9491286490892,49.82435747056689,1.3819281683531446,293.635,20.23,6.80048,1.9,68125741056,Consumer Defensive,True
CLX,171.6754913330078,32.36506186184972,1721953.9682539683,34.68872522993665,-8.596681203067746,52.24385306359588,-1.8873044166709243,443.646,8.328000000000001,22.30435,-18.9,13569096704,Consumer Defensive,False
CMCSA,41.2559928894043,38.281530120058086,22709164.682539683,15.402425401184413,31.129697869723532,49.51650867793195,5.590689051994955,24.186,17.735,1.01462,-2.7,111732015104,Communication Services,True
CMG,27.483400344848633,49.84638654098832,24013293.65079365,60.12422358867997,30.074308873851844,64.81127381958134,4.476755233483348,44.958,16.134001,1.5457400000000001,7.5,54084595712,Consumer Cyclical,True
CMI,199.26084899902344,43.783167511836886,1230473.0158730159,29.031483215568564,31.284117887451874,51.386982189134265,-0.16683493160600524,22.767,12.132,0.62949,-1.6,79368773632,Industrials,False
CMS,51.394222259521484,38.81583360990537,2031563.492063492,-0.3169835231754525,0.6436998777426661,50.83466094998647,-3.547964837185269,11.233,26.174998,1.9167599999999998,16.0,21672132608,Utilities,True
CNC,58.91999816894531,53.69260876714883,4433442.857142857,-4.783456444856327,-11.425133580359653,31.86548444663532,-7.227795509945205,-21.86,0.54699997,0.8351000000000001,21.5,23234056192,Healthcare,True
CNP,18.823429107666016,58.767646503768404,7018612.301587301,-17.850889124107788,11.55859102157142,39.313941255668816,-4.805504639569529,9.606,24.95,2.0211099999999997,7.1,25651195904,Utilities,True
COF,89.476806640625,72.57204266720437,3831630.9523809524,-4.263946329902872,60.521688809296535,57.28358948262075,13.066329881526666,1.6150000000000002,38.719,,67.9,151533617152,Financial Services,True
COP,33.41790008544922,72.78679371373528,9560083.333333334,-36.42408549998048,-2.0699857984016945,36.852371306894156,6.754244439601346,15.421000000000001,19.543,0.36168999999999996,14.000000000000002,123514150912,Energy,True
COST,354.29534912109375,29.237763976918647,2759551.587301587,32.94506373365434,26.193751112798108,50.25582541590965,1.4497569662454741,30.325000000000003,3.659,0.26968,8.3,424756510720,Consumer Defensive,True
CPB,39.859371185302734,32.32051151928761,2412821.8253968256,1.9484158662950994,-1.2355837145302546,58.14965755019324,-0.340381124988493,14.815000000000001,14.232,1.8456700000000001,-3.4000000000000004,8019810816,Consumer Defensive,True
CRM,219.730224609375,53.06032049588487,7529498.015873016,33.18161980000339,15.51445591191528,53.41041813332904,-7.217817886067725,12.184000000000001,23.862,0.19385000000000002,8.6,222173003776,Technology,True
CSCO,38.176109313964844,42.015252120867096,25068138.492063493,-5.673570490066525,-1.621176119701711,47.15451855010353,7.296542684064641,22.418,23.604,0.6322800000000001,7.5,297319858176,Technology,True
CSX,28.151708602905273,46.09246307333839,13323698.80952381,25.06322599100656,32.00045360725535,44.243404910677214,2.749252007442676,22.589001,35.071000000000005,1.55283,-0.8999999999999999,67673251840,Industrials,True
CTVA,36.37051010131836,50.835997251576345,4645021.031746032,36.30176231543608,40.61698371807554,45.043500576361595,5.0657517803292516,6.705,-10.313,0.17175,12.6,47845994496,Basic Materials,True
CVS,57.6177978515625,39.64139370358482,8726850.396825397,-5.739942351199369,6.427305473641236,15.83913996464591,1.8267229343958802,0.57800002,2.2650002,1.11821,7.8,103249289216,Healthcare,True
CVX,68.99396514892578,61.25705944015056,11212182.936507937,-25.74737869072767,-0.5392092543468288,33.000662328571465,3.3665432117324916,7.316000000000001,9.8529994,0.21239,-1.4000000000000001,334641856512,Energy,True
D,59.44599914550781,45.036471720620256,4133473.8095238097,-5.802504210153452,-8.649395060784679,48.3287209530914,-5.939472127706997,9.203999999999999,34.504002,1.54315,14.899999999999999,51516588032,Utilities,True
DD,26.719682693481445,51.22819169007124,13780945.805555556,13.228308449142226,32.18583568271721,60.96389699181234,10.702792840296574,3.2169999999999996,17.773001,0.39673,7.3,18179088384,Basic Materials,True
DE,249.3389129638672,45.67740207232086,1753076.1904761905,53.074367931551414,69.62116045561227,65.50701550663823,5.854645167174671,20.427999,12.385,2.4841800000000003,12.6,139379458048,Industrials,False
DECK,47.66666793823242,58.3421370030722,2618459.523809524,66.11489264741189,47.27084946034805,39.13967974201342,5.784178160936464,43.312,22.82,0.1422,9.1,15294199808,Consumer Cyclical,True
DHI,66.71874237060547,59.499920989913534,4070794.0476190476,34.996371907254506,30.386621628774353,51.10639452011738,-2.2762846480135384,14.321,12.4680005,0.24514,-3.2,47007141888,Consumer Cyclical,True
DHR,191.3907470703125,33.63763774269908,3172699.634920635,42.86397357349121,23.02737374818286,45.375262944434716,-2.840218511457638,6.843000000000001,20.75,0.35544,4.3999999999999995,171780767744,Healthcare,True
DIS,177.001708984375,49.15190260806922,14657105.952380951,22.24697844045099,61.49938463080633,76.4543189671636,22.661791273890724,12.203,11.867999999999999,0.39632,-0.5,203966595072,Communication Services,True
DLR,116.36262512207031,43.51798927086479,2296255.5555555555,21.130820392069158,-5.355950201157395,79.02935798813841,-0.5282053164649789,5.825,13.333,0.7924800000000001,11.1,56131076096,Real Estate,True
DOV,116.68138122558594,46.357508343097464,908136.1111111111,8.405711138114295,28.808452527721716,55.06379336848097,3.5931136928892453,15.883,18.69,0.40076,4.8,28226131968,Industrials,False
DOW,42.25742721557617,62.13559579040785,5471063.492063492,9.789096503924547,37.12817818653614,55.3360805099562,6.579378148480965,-5.287,1.905,1.02943,-8.3,19855286272,Basic Materials,True
DRI,99.64261627197266,82.91227579070528,2657078.9682539683,5.840913461534565,57.66064317265385,57.99603172795654,8.440572177133017,54.104,10.392999999999999,4.01269,7.3,24930691072,Consumer Cyclical,True
DTE,86.38301849365234,47.718647437868775,1543823.4285714286,-3.3850077228712445,10.735415162144166,33.434802437912026,-3.9625338631797278,11.658,18.968001,2.0797499999999998,21.4,27952054272,Utilities,False
DUK,74.44337463378906,41.48997480855075,3714948.8095238097,4.62512832269187,13.057156685115496,45.86237751936048,-1.9017538078039655,9.905,27.125,1.7034399999999998,4.8,92471705600,Utilities,True
DVN,12.45552921295166,96.84462666216994,9977562.301587302,-33.52615168813824,49.530425081823125,54.340837354420806,24.268893415951005,18.586999000000002,24.194999,0.56274,7.1,23057713152,Energy,True
DXCM,90.69249725341797,55.42273744599417,4955322.222222222,65.36146455437215,-10.943909763564626,72.49616660645711,4.403615587112212,30.635,20.053,0.94479,21.6,27152830464,Healthcare,True
EA,138.29840087890625,36.48927056438156,2959463.095238095,32.5128528427722,6.275633718161072,71.18315188131842,10.677859350284479,13.200999999999999,10.875,0.3665,-9.2,51059163136,Communication Services,True
ECL,203.79086303710938,48.71427567794202,2014084.9206349207,14.21609936488449,7.61924799374831,33.27869451921289,2.2284508050900063,21.869,14.715,1.03915,17.8,78745616384,Basic Materials,True
ED,59.36248016357422,41.189082600662665,2317893.6507936507,-16.951173654700227,-1.8728910010643485,30.22097579655403,-7.2317823223029905,8.839,25.342,1.10373,10.7,37016473600,Utilities,True
EIX,48.71299362182617,45.33072858816775,2402655.9523809524,-13.216829296238993,13.557226539295803,45.29521299196575,1.2656051795739216,15.765001000000002,32.557,2.0402,10.6,23678836736,Utilities,True
EL,244.4339141845703,41.01810461581385,1638561.507936508,28.207492067475954,37.659911750721356,70.58527186332597,7.38794205748098,-20.727,7.268000400000001,2.42211,3.5999999999999996,41686474752,Consumer Defensive,False
EMN,84.1939926147461,51.45546979838444,1193448.8095238095,32.75005617726127,45.45487257462628,38.329043423494824,6.090080065808663,12.116,9.673,0.89235,-10.6,8063532544,Basic Materials,False
EMR,71.94348907470703,53.963457832393935,3494837.698412698,6.166924246700838,31.265922720684912,41.523841463218005,5.602134794838721,9.363000000000001,20.721,0.67785,5.1,83226329088,Industrials,True
EOG,39.72370529174805,74.92731028302136,5505530.158730159,-38.067482590099345,1.891902126217676,41.57303524028552,12.252787129891104,18.476999,33.223,0.26835000000000003,-2.4,58997317632,Energy,True
EQIX,636.111572265625,40.66346640616243,493788.8888888889,22.738045789706803,-1.8240181226193242,62.323473630873636,-3.7023050577928616,7.7,21.851999,1.47969,6.6000000000000005,78727561216,Real Estate,False
EQR,48.26151657104492,50.953473724344654,2712636.111111111,-23.71326435721738,-1.531647444474375,40.86951075744179,3.280231821936255,10.444,28.955,0.76237,4.6,24070244352,Real Estate,True
ES,70.46284484863281,45.2740565132381,1775658.3333333333,5.30199180565714,2.150809744586089,49.30208559944326,-3.185995786288962,8.61,22.489001000000002,1.84357,5.1,26135676928,Utilities,False
ESS,198.17498779296875,50.36001057814434,510311.50793650793,-17.783134433821026,1.565421450567937,35.87292640175394,0.9700808694128427,15.987000000000002,33.777002,1.15144,6.2,17509894144,Real Estate,False
ETN,109.93546295166016,51.84257143282254,2341219.8412698414,27.422993309025674,37.11390785733949,54.55723828780181,4.300048992600603,20.653,19.791001,0.59661,10.100000000000001,129815977984,Industrials,True
ETR,41.01416778564453,46.958553787541305,2755807.9365079366,-13.414811022641077,3.6761001898481758,30.41721382880138,-6.118502675996288,11.187999999999999,30.055,1.79362,12.5,42725924864,Utilities,True
EW,89.63999938964844,44.36265887997046,3446259.523809524,15.664515341481856,29.556288808575093,65.05550865743697,8.127146693256513,13.492,27.371000000000002,0.06862,14.7,49592340480,Healthcare,True
EXC,25.054121017456055,49.105219890266596,8617023.575396825,-4.189154059722081,14.013607603259388,58.71360652296143,0.32730658386271577,10.308,22.177,1.77601,9.0,44590940160,Utilities,True
F,6.722535610198975,56.606318935166925,76852921.82539682,-4.345241039400807,46.446256319037296,32.54437803811439,2.6127870964228688,10.295,3.1460000000000004,3.46673,9.4,55006007296,Consumer Cyclical,True
FANG,39.8881721496582,103.54751925461996,3565738.888888889,-44.90521951300732,20.960164894911653,55.11063964268806,28.149453140580256,10.901,36.628,0.3566,42.0,43660296192,Energy,True
FAST,21.744281768798828,39.070459076453716,8484137.301587302,36.24134902558039,13.578421878599055,45.40971275511788,3.933963155172081,32.742,20.696,0.13283,11.700000000000001,49973993472,Industrials,True
FCX,24.829925537109375,71.9527211756192,23312412.698412698,101.73033935955655,130.6956276569672,67.10748016457157,21.945621439223313,14.538999,28.055000000000003,0.30589,2.7,86129704960,Basic Materials,True
FDX,236.15667724609375,52.59600212477643,3075817.4603174604,70.13640141238342,68.06506563889535,15.866065990200198,-6.714099534353707,15.886,7.64,,13.900000000000002,73876471808,Industrials,True
FE,24.489824295043945,53.076375824869885,6209334.523809524,-33.799512106239035,-22.503770478702922,44.373555486735626,1.6113575324488503,11.192001,20.636,1.93669,11.200000000000001,26913437696,Utilities,True
FITB,22.662879943847656,73.77315747015922,6857104.365079365,-7.264716884780007,50.27517008893418,48.1386124055503,6.768341140907422,11.5109995,39.780998000000004,,6.7,32404658176,Financial Services,True
FMC,97.54285430908203,51.433135208659856,799870.2380952381,16.378085180927524,13.747569933987972,33.50064878804764,1.909615883458541,-11.455,-18.775,1.22645,-49.1,1931264256,Basic Materials,False
FOX,26.750200271606445,48.42948381585782,1517726.5873015872,-20.048464117205018,8.99973101375638,49.625026794763116,4.10130834019944,17.272000000000002,26.323998,0.60136,4.9,30901291008,Communication Services,False
FOXA,27.25894546508789,49.15376344577529,4782390.476190476,-20.302754484286055,10.437321046462216,48.38010813054094,4.254389014216635,17.272000000000002,26.323998,0.60136,4.9,32208046080,Communication Services,True
FTNT,29.604000091552734,55.01543339353866,8036599.206349206,34.956231671898486,6.919966719218411,85.52631657571106,17.192138982633658,228.043,31.648,1.48116,14.399999999999999,58481426432,Technology,True
GD,132.6038818359375,40.415174748831404,1636391.6666666667,-14.45258661890105,1.4492215612901194,37.293324986503244,0.7854956362472789,17.782,10.459,0.40419,10.6,99604209664,Industrials,False
GE,52.1810188293457,63.09419872084868,19695763.726190478,-9.770756443447214,57.442423751337735,33.501126380771495,12.18192639267484,42.131,20.598,1.15246,23.799999999999997,339192119296,Industrials,True
GILD,46.7547492980957,37.52978453537515,13716300.793650793,-9.6263975620133,-24.17621711582282,16.07324544215828,-4.233971692626239,40.706003,45.231,1.1624299999999999,3.0,150460252160,Healthcare,True
GIS,48.58345413208008,30.868181453532685,3976517.8571428573,16.236126191681997,-3.2005944837417637,41.96241730309208,-2.5704997873036364,27.173000000000002,17.874001,1.4723,-7.199999999999999,24336678912,Consumer Defensive,True
GM,40.36856460571289,61.2334046765576,15400251.984126983,13.296937997563486,65.7686078306194,33.99253335627053,2.9020926972895023,4.442,5.6739997,1.9543700000000002,-0.3,77032620032,Consumer Cyclical,True
GOOG,86.32852172851562,38.40932994299184,37903428.571428575,27.216494265828768,18.7628908395494,38.55034722222223,0.538248916505253,35.449999999999996,30.512,0.11424,15.9,4021852045312,Communication Services,True
GOOGL,86.16148376464844,38.5514937909135,40028047.61904762,26.8558154633831,18.117867707998208,39.476948127941796,0.653954563430584,35.449999999999996,30.512,0.11424,15.9,4030671880192,Communication Services,True
GRMN,107.24784851074219,37.56029455556395,947117.8571428572,24.71451213880679,23.934269614975804,52.91380384084406,5.232429115339807,19.655001,25.795,0.02342,11.700000000000001,40912662528,Technology,False
GS,230.3916015625,52.372872058435796,3595815.476190476,13.391402302907643,32.95011670930907,65.99961116717299,15.080591651096267,13.532,37.203997,5.861420000000001,20.7,295419445248,Financial Services,True
HAL,17.472923278808594,93.35823926969093,19246465.476190478,-20.988961467123957,52.93533242799283,46.38219010142987,17.400260257523577,12.788,12.857,0.83613,-1.7000000000000002,27961083904,Energy,True
HCA,155.4754638671875,60.98717412207632,2228431.3492063493,10.68992451014154,66.07667561086424,56.40673247915824,8.64309597496429,,15.473999999999998,,9.6,113152237568,Healthcare,True
HD,234.84291076660156,43.686887670100106,4751841.666666667,23.608411337525773,7.89249632750232,49.28773026755006,-2.4075708242741967,162.909,12.945,5.44586,2.8000000000000003,377488015360,Consumer Cyclical,True
HIG,43.225154876708984,65.2114354119356,2782725.0,-18.984807598109924,29.769074752944114,52.850559681668216,8.50507297219832,20.069,18.916,0.23696,7.000000000000001,36477366272,Financial Services,True
HLT,108.81573486328125,51.55310200573997,3629324.206349206,-0.9878104740093537,47.852971117105206,60.394309312642164,8.752310673673966,,60.327,,3.5000000000000004,70943850496,Consumer Cyclical,True
HON,179.54458618164062,45.40425211681703,3695743.476190476,19.40425702050779,46.97106165070111,47.34677833882623,6.7004610997962954,34.616002,18.505,2.15247,7.000000000000001,144895459328,Industrials,True
HRL,39.56544494628906,30.242704961656607,2224358.73015873,6.900526595049521,-2.479651065213342,42.58826727181357,-4.519875233474839,6.002,7.222,0.3822,1.5,13606903808,Consumer Defensive,True
HSY,133.64451599121094,37.31828199474052,1076778.5714285714,6.840933693075373,17.176721979768768,43.793289419459654,1.685787260588658,31.013,13.542000000000002,1.2576399999999999,6.5,40778059776,Consumer Defensive,False
IDXX,496.9599914550781,41.45419813316767,525819.4444444445,87.51792772485585,48.4526158913109,86.6895136261264,8.632448037526776,64.63300600000001,32.106,0.7129000000000001,13.3,56972943360,Healthcare,False
IEX,184.92337036132812,38.54994870773566,483056.74603174604,14.839503695072228,25.25610338787081,55.416952535395744,3.074812609377321,12.197,21.418,0.48121,10.100000000000001,14706618368,Industrials,False
IFF,97.31340789794922,40.53710610814164,1158020.238095238,-10.388364582031407,-11.128298539996004,41.759683756313514,0.8720343108041219,-3.232,9.1309994,0.46872,-7.9,18148458496,Basic Materials,False
INTC,44.07123565673828,53.516422195203425,31591649.603174604,-17.879389358122037,-16.390870640729936,43.95606433850167,2.302021779832753,0.18600001,6.283999999999999,0.39881,2.8000000000000003,230414843904,Technology,True
INTU,363.2829895019531,47.49548167077582,1369995.634920635,42.1720304383318,23.43799935170474,61.14915490395764,6.032022233525962,21.987000000000002,15.697,,41.0,154395082752,Technology,False
INVH,25.32144546508789,49.19305251171817,3940357.1428571427,2.314886710316049,5.677326554435955,53.728107081098614,2.9827913683126486,6.0,27.131,0.8569100000000001,6.5,16591403008,Real Estate,True
IPGP,224.2899932861328,53.07819709632725,371194.84126984124,53.119879729737754,40.99194789067962,80.42991511529198,9.241680130194013,1.2150001000000001,3.9010000000000002,0.00825,7.6,3378860032,Technology,False
IQV,177.52000427246094,49.683595149892234,1324625.0,13.496579576812259,25.43809985384901,68.96553936776724,4.660803612244757,19.374001,13.975999999999999,2.42366,5.2,41078063104,Healthcare,False
IR,45.01025390625,51.389093802329946,3374148.015873016,22.668132688871303,58.959972807844665,51.753130263262626,6.503205045515828,5.382,20.476,0.47619999999999996,5.1,34709528576,Industrials,True
ISRG,271.76666259765625,45.72417362631993,2171648.8095238097,36.50670971808515,40.45272770702809,85.58100326281044,9.08797892672962,16.902,30.325999999999997,,22.900000000000002,194057682944,Healthcare,True
ITW,180.070556640625,42.84814975308182,1324754.365079365,14.145116134208557,17.13517345401495,43.48616818523435,-1.002871916525438,91.683,27.667,2.78654,2.3,76351135744,Industrials,False
JNJ,135.38723754882812,30.378507219724295,8054418.650793651,9.811868138450704,12.208401929641877,57.622726570382014,6.308435121903059,33.619,30.200001999999998,0.57766,6.800000000000001,529033035776,Healthcare,True
JPM,109.60598754882812,54.534808087465116,19272229.365079366,-7.922328342310083,36.545710806759026,61.64228962247874,9.476863617399694,16.134001,41.854,,2.5,842104569856,Financial Services,True
K,48.36507034301758,31.700373219143174,2331768.242063492,-5.539169212532926,-5.498227152554324,45.73505423773001,-2.674547009611784,32.112,15.031,1.45099,0.8,29031499776,Consumer Defensive,True
KEY,12.777676582336426,76.16557188568862,10986365.873015873,-15.418506012584231,42.423707384337305,53.28947709636018,9.093995273279255,5.8179997,33.839000000000006,,202.59999999999997,23191752704,Financial Services,True
KHC,27.481361389160156,43.289153203162165,7177860.317460317,15.686486418780458,11.558764531893532,58.12270448140825,6.655731950901325,-9.693,17.637,0.50968,-2.3,28704829440,Consumer Defensive,True
KLAC,246.50254821777344,60.4056210626997,1346387.6984126985,45.068049064974716,33.47003276027365,55.1549181283446,8.824839574617544,99.167997,41.661,1.2212699999999999,13.0,203447320576,Technology,False
KMB,110.86927795410156,31.297903582150095,1901047.2222222222,0.9416449897945971,-5.662524052006866,37.39228122691584,-2.4760589438150844,136.88201,16.699,5.00068,0.1,33328705536,Consumer Defensive,False
KMI,10.142118453979492,56.000524113574876,16108969.841269841,-30.84493099860341,-6.533877308236498,28.512418918220632,0.3813447945435692,8.884,25.639,1.02138,12.1,60969558016,Energy,True
KO,46.837337493896484,34.747316014223465,17034414.682539683,2.3876472307546694,23.241936032696618,60.25884169529754,4.918931634439221,42.442,32.373002,1.4477099999999998,5.1,303214886912,Consumer Defensive,True
KR,28.360553741455078,32.07839155410908,10120848.412698412,12.435101086195013,-4.794517521912836,59.6589662414193,-1.1023788237629641,7.997,3.101,3.57991,0.7000000000000001,41407447040,Consumer Defensive,True
LEN,70.28262329101562,68.43671647419404,3516667.3492063493,41.18094206461759,30.321351244103447,65.14494035934965,2.8258145836257325,8.405999999999999,7.8779995000000005,0.2753,-5.800000000000001,30194667520,Consumer Cyclical,True
LIN,244.30262756347656,39.11370673802506,2106488.492063492,26.32938205614332,19.197210550296155,67.48945245291668,5.856328650179904,17.979999,27.939999999999998,0.64673,3.1,206338949120,Basic Materials,True
LLY,158.48895263671875,42.7435207753484,3946586.111111111,28.854837130950138,2.939158780935814,65.11233024785417,12.141058958251918,96.47,48.294,1.7851599999999999,53.900000000000006,925784342528,Healthcare,True
LMT,308.69769287109375,41.26706355098765,1482532.5396825396,-9.042960841666382,-0.8801470070190501,40.951482919220446,-2.1408264706428857,62.775999999999996,11.693000000000001,3.5898700000000003,8.799999999999999,134931128320,Industrials,False
LNT,43.15317153930664,38.60822873930298,1501081.349206349,-2.6724427043639998,4.152081339263584,37.66018692099543,-5.3891381381786125,11.461,28.843000000000004,1.63145,11.899999999999999,17238020096,Utilities,False
LOW,146.4444580078125,50.946720907967816,5143131.746031746,35.650172527621166,19.172649326003626,51.43417717704648,0.2871818638190293,,11.92,,3.2,155422834688,Consumer Cyclical,True
LRCX,45.87199020385742,63.61087840563072,18946186.507936507,65.31082075987152,50.625339061698924,42.80011181794455,11.214770201044665,62.261003,34.354,0.43991,27.700000000000003,274236702720,Technology,True
LVS,56.08647918701172,58.802053768689746,6499607.142857143,-15.378779332779272,26.758732720803042,54.08052453018518,6.508353460103565,65.65100000000001,23.627001,8.47509,24.2,41585360896,Consumer Cyclical,True
MA,345.1053466796875,49.08801429529967,4706108.333333333,17.82419932110811,17.86237869466022,64.87436426859378,7.877218081996008,184.86099000000002,59.8,2.39715,16.7,490543939584,Financial Services,True
MAA,105.07976531982422,46.30297839161811,703250.0,-0.26506884331357417,8.182076528073113,55.82685390281811,1.2042369642229072,9.408,27.229,0.87122,0.6,16260654080,Real Estate,False
MAR,125.82536315917969,66.96212144772,4114673.8095238097,-13.530176020670318,48.59906024655891,50.0,10.339254512708626,,65.933996,,5.6000000000000005,88438243328,Consumer Cyclical,True
MCD,188.73291015625,40.17325349997896,3889830.5555555555,7.99251854429773,16.642589313087672,57.22902466976295,-1.4242182531183019,,46.905997,,3.0,220214755328,Consumer Cyclical,True
MCHP,61.849639892578125,61.43274224850216,5812878.571428572,28.907733663231728,31.597349662912666,38.43163321552479,6.978365814776574,-2.854,8.347999,0.80841,-2.0,40236265472,Technology,True
MCK,168.33432006835938,45.83828595863324,2229836.111111111,26.357043389698653,14.12387660174381,35.20821176595406,1.9027889175876205,,1.3739998999999998,,10.100000000000001,105001566208,Healthcare,True
MDLZ,51.14352035522461,34.149123492562325,6979584.523809524,9.197396751110851,13.882804138423118,55.9596883102381,2.2291834788540306,13.100999999999999,10.837,0.8362099999999999,5.8999999999999995,74143072256,Consumer Defensive,True
MDT,100.3060073852539,41.36311337147123,5563183.73015873,3.3339526779818107,25.45706014077541,66.35222796717238,4.715913328101348,9.822000000000001,20.299,0.59563,6.6000000000000005,126953340928,Healthcare,True
MET,39.7757453918457,60.320226719213075,6470909.523809524,-5.74942642316746,33.37649607640304,38.76804087558759,4.697422635877347,12.798001000000001,7.01,1.63999,-5.8999999999999995,51792228352,Financial Services,True
MGM,31.17053985595703,95.4053121660661,18814949.603174604,-6.618124186739753,85.03660007133192,57.57573023580978,16.54829256966049,10.293,5.1620003,9.13283,1.6,9683494912,Consumer Cyclical,True
MKC,85.27352142333984,38.410254209181005,1426048.4126984128,14.528389680757305,4.846447443811276,59.63330993240685,1.6320805079618872,13.850000000000001,17.091,0.7535599999999999,2.7,18442776576,Consumer Defensive,False
MLM,272.2958984375,55.64923779517529,662334.9206349206,2.589423481554215,32.23490694337626,52.95503845736976,4.874517426309057,12.523000000000001,27.898001999999998,0.60618,12.4,38643613696,Basic Materials,False
MMC,106.82247161865234,36.41131635431056,2124823.9166666665,4.439405842457667,7.466753961662863,46.29468016857782,1.5560506050676821,28.733999999999998,19.240999,1.39501,11.5,89819709440,Financial Services,True
MMM,121.08007049560547,37.47138236958206,3998323.8928571427,0.3294074301333643,12.846780673374338,44.79686382867155,2.439730109494448,72.920996,24.367,2.8190399999999998,3.5000000000000004,91095654400,Industrials,True
MO,27.59494972229004,36.42641598521236,9867857.53968254,-9.58525471762494,7.641483063637534,37.37073433634678,3.1254430884286784,,62.82600000000001,,-1.7000000000000002,103447691264,Consumer Defensive,True
MOH,206.75999450683594,54.79666386328385,545525.3968253968,55.02736903091526,13.573189256169876,45.373223964500944,-0.41575539457091454,19.708000000000002,1.2489999999999999,0.91911,11.600000000000001,10505043968,Healthcare,False
MPC,36.47098159790039,83.72839084946595,8683054.365079366,-28.97320049548973,18.694137776662096,45.30289385974322,11.504019470359205,18.887,4.9689997,1.43175,-0.8,54012252160,Energy,True
MRK,65.61146545410156,31.914566266975164,10781255.099206349,-9.660113460789384,3.855320331913828,33.64680806534227,1.2243136591663788,39.485002,40.802,0.79708,3.6999999999999997,277154037760,Healthcare,True
MS,57.83462142944336,57.62530620542148,13641010.714285715,34.28146392225013,44.00287948788504,63.39765508815188,14.713179850493423,15.135000000000002,38.872,4.2055299999999995,19.1,305363058688,Financial Services,True
MSFT,212.71075439453125,44.02679017910572,37725931.746031746,39.47727035326634,8.017847624468724,68.54346005464257,3.225714076824493,32.241002,48.873,0.33154000000000006,18.4,3394429779968,Technology,True
MTD,1133.8800048828125,40.98217027624279,143589.68253968254,40.84416171731184,39.177609904671435,43.15621761503438,1.3752019150640786,,28.497,,7.9,30849533952,Healthcare,False
MU,70.17211151123047,57.48502797329535,22688590.873015873,29.842926689475107,44.33073862490654,52.65908698048654,14.66214043544379,22.554001,44.974998,0.21244,56.699999999999996,378880196608,Technology,True
NCLH,25.639999389648438,132.16993894344887,33329063.492063493,-56.41679654663242,60.55102668084499,39.694654450903386,18.028317106764696,39.870998,25.507997999999997,6.99717,4.7,10407186432,Consumer Cyclical,True
NEE,66.79896545410156,41.66028033187268,9269095.238095239,29.872393004773723,24.43287334271989,66.32656543252006,1.5511858345975886,8.236,30.768,1.44161,5.3,171128029184,Utilities,True
NEM,51.57126998901367,46.26573911871676,7904334.126984127,42.2084658386609,0.11057327712253558,53.59996918759277,-1.2320811310375896,22.875999,46.85,0.16914,20.0,125442949120,Basic Materials,True
NFLX,52.45899963378906,46.272168198148066,69400182.53968254,59.05824940308967,10.002307744301932,67.25691989776496,4.90117307843932,42.861,28.219998,0.65822,17.2,373075116032,Communication Services,True
NI,19.02988052368164,44.95457067028118,3351848.015873016,-14.29027712799342,-1.751656003794774,42.69655844947382,-4.2084636793569965,9.073,22.872999999999998,1.40579,18.3,20599812096,Utilities,True
NKE,131.84356689453125,41.64910341098177,7399666.26984127,39.85253371339513,44.44693441243215,56.08909439414096,6.302269924453567,17.950001,8.094999999999999,0.8009900000000001,0.6,95603163136,Consumer Cyclical,True
NOC,278.6797790527344,39.85556074766408,989832.1428571428,-13.493010734913227,-1.5097777531390473,48.4896283433858,-0.16866743469123022,26.151999999999997,13.221,1.09401,4.3,93739032576,Industrials,False
NOW,109.47599792480469,50.0578720951457,9221531.746031746,87.9480769467543,32.15035143269179,58.54410772463841,4.745121599324154,16.813,16.789,0.21255,21.8,138397827072,Technology,True
NSC,212.67654418945312,48.048170395385526,1552216.2698412698,22.227888240780164,36.466989515870125,41.994791915470834,2.5402576802053134,20.48,36.578,1.16353,1.7000000000000002,65256120320,Industrials,False
NTRS,78.94251251220703,52.7021112177305,1290041.2698412698,-11.595406344121264,20.28054350610914,47.54496172101669,3.3888705979569336,13.431999999999999,30.332002000000003,,4.2,28046174208,Financial Services,False
NUE,48.972862243652344,49.79501034898528,2312452.777777778,-0.16677309993290507,30.00896537288022,33.332687581516794,1.6138970155265226,9.014,10.421,0.31248000000000004,14.499999999999998,39995338752,Basic Materials,True
NVDA,13.108884811401367,58.01795232891843,481999825.3968254,119.53970594436018,36.841708100479686,57.393306168625095,-1.0392646041023037,107.35900000000001,63.168997000000005,0.09102,62.5,4552645935104,Technology,True
NWS,17.14554214477539,50.34457680295643,685050.7936507936,22.90432429879012,48.99680117404653,43.642656387469145,8.024336945650962,7.025000500000001,10.448,0.31439,2.3,17085417472,Communication Services,False
NWSA,17.24074363708496,49.40704718825783,2699856.3492063493,26.934216080601008,50.86064494066248,45.68341658786067,8.620992747192558,7.025000500000001,10.448,0.31439,2.3,15602414592,Communication Services,True
O,45.972572326660156,58.370189518888985,2935349.5396825396,-11.816700075989592,2.2403757654496306,53.23826258192498,1.274662836930927,2.488,44.513999999999996,0.73977,10.299999999999999,55747383296,Real Estate,True
OKE,28.48360824584961,93.79613237219081,5374699.206349206,-43.860409024369886,26.401476838070053,36.87494017268556,9.690636395291719,17.846999999999998,18.160999,1.5221799999999999,71.89999999999999,46198898688,Energy,True
ORCL,59.91045379638672,40.72857881292245,13122127.777777778,21.469877490357536,16.07821068345803,78.72089310815984,8.740804500821639,69.026,31.996999999999996,4.3251100000000005,14.2,545578647552,Technology,True
ORLY,30.1200008392334,42.13004283299562,10151047.61904762,3.263856265635185,5.597761895613484,60.76370444550877,0.13555535285510048,,20.742,,7.8,79222464512,Consumer Cyclical,True
OXY,16.876750946044922,109.78946152384805,30633211.111111112,-56.57332908765237,0.8825463286371444,42.55529325232229,23.454693991010778,5.955,17.723,0.6222099999999999,-7.7,42551238656,Energy,True
PAYC,439.0165100097656,65.10146813635546,733320.2380952381,64.79400882066557,39.31882815121636,66.45759910797841,9.86464946894307,28.557,22.826,0.049429999999999995,9.2,8597133312,Technology,False
PAYX,80.01573944091797,48.41012636346852,2106462.301587302,11.924862658149364,22.262146683478385,46.12066299514152,1.909437885630327,40.884998,41.667,1.2981399999999998,18.3,39669493760,Technology,True
PCAR,47.52595901489258,36.344809017922096,2795744.0476190476,10.636110492205745,15.209960623684731,46.1544886165971,-1.6725534066470742,14.151,9.9209994,0.82453,-19.0,64032915456,Industrials,True
PEG,48.51127243041992,40.55857389204379,2763896.8253968256,1.299107341643612,16.544046015919424,54.90608376798684,-1.1996480648855672,12.579,27.029999999999998,1.38209,22.1,39637819392,Utilities,True
PEP,126.25839233398438,36.65815544641324,5060782.936507937,11.620453738216206,12.477435105538458,57.245100014092664,3.728610082055302,37.162,16.903000000000002,2.6019,2.7,200665661440,Consumer Defensive,True
PFE,28.788103103637695,35.864861509668955,33885358.1984127,2.9786193199146602,14.472860807300169,15.237981688748462,-0.8243850849921525,10.597999399999999,35.276999999999994,0.6653100000000001,-5.8999999999999995,147146113024,Healthcare,True
PG,121.56939697265625,32.55155831899359,8016309.126984127,14.393219314936243,15.328601975960288,55.811982296948074,-1.0204960373932195,31.902,27.58,0.67125,3.0,338527813632,Consumer Defensive,True
PGR,82.99910736083984,37.00921259323971,3023130.9523809524,35.74197884149539,23.229623068105102,74.08345285302079,3.8169616080930773,34.223998,15.079,0.19454999999999997,14.2,119309287424,Financial Services,True
PH,252.77357482910156,59.99357870705574,1151901.1904761905,31.18251768624895,48.90066256595391,40.603757200597606,5.828073252538354,27.294,21.086,0.74953,3.6999999999999997,119508221952,Industrials,False
PLD,85.90471649169922,46.27885374828066,3469792.4603174604,14.725673083526363,4.617225578341322,60.15594551333374,-0.7711364746384594,5.963,42.720002,0.6278900000000001,8.7,123288510464,Real Estate,True
PM,63.9712028503418,39.23174339382909,5419646.825396826,1.9299298961011302,19.16951905794376,36.0220607496729,6.063833672779337,,40.747002,,9.4,268675858432,Consumer Defensive,True
PNC,122.62806701660156,57.794230608584094,2646992.0634920634,-4.595257561427416,46.94368655535845,61.65266124621594,11.956087836780629,11.486,39.788000000000004,,10.8,84544323584,Financial Services,True
POOL,346.4559020996094,47.30621048340423,356749.20634920633,73.30795947744735,36.41417968039598,77.89477204697856,5.091746628776709,29.307,12.265000500000001,1.00725,1.3,9986671616,Industrials,False
PPG,129.79522705078125,43.653448700027376,1662553.9682539683,10.883258006674302,32.46502304596704,43.306521472685766,1.5593229076168196,16.16,14.16,0.9956,1.2,24836028416,Basic Materials,False
PPL,22.758756637573242,46.98145292868835,5508847.222222222,-17.612317294280622,8.508276430524253,35.76159886888857,-1.7215417036699292,7.6620005,26.619,1.32089,8.4,26416087040,Utilities,True
PRU,60.84428787231445,67.66798399642448,2887096.8253968256,-13.118365728361114,34.73282042956127,38.11980547049894,5.81708678570463,8.5,9.917,1.48723,-8.3,40987275264,Financial Services,True
PSA,184.7001953125,36.580360412102195,986732.1428571428,12.52920252856479,16.945999010290695,64.80721923554671,0.8939082214874802,19.933,46.947,1.06758,3.1,51414167552,Real Estate,False
PSX,58.07189178466797,70.09043340315138,3803421.0317460317,-33.69760053156211,6.293969279955179,55.77286180143987,17.666515687358938,5.6199998,4.3950000000000005,0.77483,-2.9000000000000004,56581435392,Energy,True
PVH,94.78137969970703,90.30260143655612,1466376.9841269841,-9.227076744028187,101.26420486877802,54.60846041740091,20.763096465573327,6.704000000000001,8.382000000000001,0.8731300000000001,1.7000000000000002,3252416000,Consumer Cyclical,False
PWR,70.46046447753906,49.043799321001416,1443259.126984127,73.82464918468706,83.21971451281259,40.79317908183865,5.235899502127929,13.369,7.105,0.71612,17.5,66736812032,Industrials,False
PYPL,230.97604370117188,52.486858799345704,8874096.031746032,109.03837007683074,30.64160929343258,71.4878425134676,10.836836927147468,24.358,19.198999,0.60239,7.3,54208172032,Financial Services,True
QCOM,134.63955688476562,52.91686760457037,9825393.253968254,73.40093366912748,64.80213771005823,38.464455013037785,5.176375899761812,23.34,26.235000000000003,0.7376699999999999,10.0,174139817984,Technology,True
RCL,72.47642517089844,113.88494898839883,12539242.063492063,-44.684690455117156,48.95981621092465,29.87860437435984,3.932088959574219,46.677,33.139,2.03878,5.2,75827838976,Consumer Cyclical,True
REGN,475.6618957519531,43.3471123090275,1104385.3174603174,28.110336476757368,-23.158489295770092,43.88597843506132,-9.318011247499825,15.187999999999999,29.563,0.08739000000000001,0.8999999999999999,78634196992,Healthcare,False
RF,13.038071632385254,70.69339808826578,10868656.349206349,-2.3755570160818804,53.75892837360626,51.06387022745894,7.203238473190586,11.401,46.976003,,15.6,25470941184,Financial Services,True
RL,93.93173217773438,62.75908531299282,1342261.507936508,-11.639968083131986,46.91169490032841,56.00620860792184,20.275044091847306,34.005,14.074998999999998,1.11231,16.5,22385195008,Consumer Cyclical,False
ROK,228.6299591064453,49.20492868633817,861262.3015873015,23.503114924179926,19.121566383939477,45.59769774588857,1.4191360567650964,20.282,19.732,0.98275,13.8,47343362048,Industrials,False
RSG,89.26229095458984,34.83556098776558,1311609.126984127,8.138664019531863,18.361560887610516,56.13416048254221,0.10020127009105045,18.249000000000002,19.919,1.1376300000000001,3.3000000000000003,65808846848,Industrials,False
RTX,63.62574768066406,57.65010605189933,10392361.035714285,-23.836531669897546,17.192924766269115,37.17646324533878,6.531317342347149,10.702,12.399000000000001,0.61315,11.899999999999999,267926470656,Industrials,True
SBAC,255.9546356201172,42.66548266747494,722220.2380952381,15.667196082018398,-8.374700859257407,47.528155117209025,-4.823976298506215,,53.851000000000006,,9.700000000000001,20459030528,Real Estate,False
SBUX,94.68512725830078,45.650113869853044,9658915.476190476,21.047096183065538,45.09201697300021,68.77951910382261,9.35092911242098,,10.975999999999999,,5.5,106068688896,Consumer Cyclical,True
SCHW,49.09945297241211,53.45468489623768,11511975.793650793,10.659563523645673,58.41043935540596,64.48597953013302,11.588404104088589,17.046,49.242002,0.99789,26.6,186531938304,Financial Services,True
SHW,231.82614135742188,42.89319009428624,1689314.2857142857,28.276627077799194,25.210983521684643,56.26094215156865,1.5569431648595986,59.939,18.197,3.2515300000000003,3.2,88792580096,Basic Materials,False
SJM,97.24334716796875,32.78102187726526,981390.0793650794,15.84640291078416,10.931648367907327,36.63993133635609,-0.710947932846584,-17.438000000000002,19.118999,1.31357,2.6,11177297920,Consumer Defensive,False
SLB,19.65438461303711,77.74486734561317,15750776.587301588,-43.64229980782321,23.23716356037092,36.17796837520204,11.896228001611247,15.182,15.479000000000001,0.47459,-2.5,69624307712,Energy,True
SNPS,256.9100036621094,42.68226554253512,996086.1111111111,79.82082483546097,30.028343598147227,82.37664943911192,10.574354592050845,7.16,5.3839996,0.50459,37.8,97225998336,Technology,False
SO,50.165138244628906,46.11889642234483,4775233.333333333,0.996766380681106,17.347226965263037,48.73011181571038,0.19493489696867544,11.429,36.558997999999995,1.92679,7.5,97745076224,Utilities,True
SPG,64.36874389648438,91.95164866301837,6058696.031746032,-37.97212776817982,28.815933897733437,35.87026294640097,8.438851789243687,82.455003,50.757,8.84863,8.200000000000001,68759183360,Real Estate,True
SRE,53.6436882019043,47.09931939906456,3399715.0793650793,-12.506292605160002,5.849972348910904,43.63155004919842,-2.3009421952214093,6.77,14.503,0.8128700000000001,13.5,59766046720,Utilities,True
STT,61.32567596435547,58.80393601407522,2593341.6666666665,-7.845220472238731,15.720399918170155,48.206661480773626,5.304178696390337,11.1499995,32.749,,9.4,38639304704,Financial Services,True
STX,51.48563766479492,43.1115247691689,3004315.873015873,5.600285113276585,31.10930059825933,37.0523025389726,6.242080167200223,,26.892,,21.3,69788778496,Technology,True
STZ,200.99949645996094,46.249770396278045,1371634.9206349207,17.861929416354215,18.448247118845305,64.30189323183437,9.48087215335025,14.454001,33.917,1.3329300000000002,-9.8,27632179200,Consumer Defensive,False
SYK,229.8892364501953,49.16526936619533,1614357.9365079366,16.447151802169042,32.30945721495216,62.52517286961169,6.2904589806952504,14.036000000000001,22.272,0.78646,10.2,138647683072,Healthcare,False
SYY,63.97779083251953,69.91637695851301,4060818.6507936507,-11.120427587028498,36.559245460922426,38.596469932067876,5.4836025840245295,83.46000000000001,4.1750003,6.907150000000001,3.2,37916217344,Consumer Defensive,True
T,15.195931434631348,35.75811805532175,52669548.02380952,-19.953118530513443,-0.7223044408857086,16.01830541900138,-0.6091207185782468,19.139999,21.58,1.2441200000000001,1.6,169607135232,Communication Services,True
TAP,39.37527847290039,46.29287978964094,2393065.476190476,-14.530418356579966,28.0135812059267,26.490137828043657,5.913739630096936,-17.294999999999998,16.489,0.61017,-2.3,10014354432,Consumer Defensive,True
TFC,37.469268798828125,66.55842489287241,6349668.253968254,-12.740033127776474,32.73962518113047,47.17601461648029,2.9778196606209777,7.982,39.318,,2.5,64826351616,Financial Services,True
TGT,151.34185791015625,37.57287094333446,4857036.111111111,40.71194996909707,47.29838945618491,49.297656176103594,3.8419411732556643,25.094998,4.626,1.3206200000000001,-1.6,50511007744,Consumer Defensive,True
TJX,63.4209098815918,51.65439325448595,8157745.238095238,11.106046211487755,31.980670092760473,60.42212025923602,10.935701284628879,58.396,12.489,1.40977,7.5,173807648768,Consumer Cyclical,True
TMO,455.70648193359375,37.3130665181714,1674932.142857143,41.81512964811541,26.31702629053223,50.47821132954363,-2.1660565934002007,13.116998999999998,19.277,0.6975,4.9,234717970432,Healthcare,False
TMUS,128.7626190185547,40.887533181799924,5396205.158730159,69.5890404627019,25.724041813819344,59.963312136062726,6.335811451993396,19.034000000000002,22.23,2.0062200000000003,8.9,214572384256,Communication Services,True
TPR,27.779447555541992,82.22581398905217,5587233.333333333,18.42952493065321,141.73716641270687,63.87198860271693,16.312620377683665,16.053,21.213,10.511389999999999,13.100000000000001,27544152064,Consumer Cyclical,True
TRGP,23.697006225585938,114.46665920532173,3678410.714285714,-32.63124241332195,38.88633204348339,51.19360126096744,16.343574770893042,49.85,20.16,6.15121,7.8,39162765312,Energy,True
TRV,125.79046630859375,48.516221957586595,1783284.126984127,3.9158251719634136,25.38978380547269,62.990742521856035,5.59324595810499,19.808999999999997,19.686999999999998,0.29318,4.8,61076561920,Financial Services,False
TSLA,231.5933380126953,89.63807916108536,226229315.47619048,707.3955441692112,187.41748278074414,66.85330343317557,31.579947303004847,6.7909999999999995,6.628,0.17082,11.600000000000001,1458604474368,Consumer Cyclical,True
TSN,54.657142639160156,49.681310380061205,3057496.8253968256,-27.450850728436286,10.268449940132903,26.49781425185691,1.3314532019071035,2.76,-0.49799997,0.5318999999999999,2.1999999999999997,21335226368,Consumer Defensive,True
TTWO,206.35000610351562,42.02686384074614,1822125.0,69.02850836214876,42.90167231685701,88.10086290375526,16.725291962854982,-86.60900000000001,-5.4970004,1.02325,31.1,45148860416,Communication Services,False
TXN,141.1512451171875,43.258034378313745,5169659.523809524,29.26409084173104,31.147691589226266,49.76954416754923,3.7517141823141413,29.757,36.736000000000004,0.84477,14.2,171936006144,Technology,True
UAA,17.450000762939453,69.75358268399103,7462284.523809524,-19.88062344902042,82.15032256690105,48.265912841958105,9.260538556714906,-4.5640003,4.005,1.0237699999999998,-4.7,2447961088,Consumer Cyclical,False
UHS,132.59506225585938,66.15819480734565,721313.4920634921,-4.193195294063688,45.422502595799415,56.17359407877254,6.554693435571428,20.028000000000002,11.605,0.70037,13.4,12995657728,Healthcare,False
ULTA,282.9800109863281,65.44398744304878,1156116.6666666667,11.168732113033847,38.99504694556647,56.96613093405667,10.06903705041401,47.967,10.828,0.97784,12.9,29822892032,Consumer Cyclical,False
UNH,317.990234375,48.20021401817187,4037694.0476190476,19.886376122463794,16.562002271749474,50.80915147640813,2.246645016750823,17.476,3.8129999999999997,0.7573399999999999,12.2,307160809472,Healthcare,True
UNP,184.17088317871094,42.02487128578993,3455430.1587301586,15.424584611238657,23.010532791195782,50.184072671475995,3.9717533805528795,41.619,41.030997,1.89829,2.5,136735449088,Industrials,True
UPS,135.2261199951172,41.34018430554426,4489636.111111111,47.06701653151223,47.174834176322086,45.43769374520985,-0.7254416318818001,33.617999999999995,10.174999999999999,1.8432,-3.6999999999999997,92134678528,Industrials,True
USB,37.24911117553711,58.67492391547206,8184421.031746032,-18.50667711333984,31.296394154165135,56.17356803040076,7.654076698744987,11.72,39.486,,7.199999999999999,83979763712,Financial Services,True
V,210.583740234375,42.82642410547443,9746618.253968254,14.95609478252634,11.93317108849546,65.87126574856636,6.593948805221304,52.068000000000005,65.75,0.6880700000000001,11.5,632620253184,Financial Services,True
VLO,47.271209716796875,80.37973350343822,4998653.571428572,-36.52335978290669,4.296205821966981,42.4855664337607,12.346655524255967,5.2389998,5.527,0.39561,-3.2,57352523776,Energy,True
VMC,140.6935272216797,53.494077891497426,1178110.7142857143,3.7684978317815405,21.848000071360538,57.51598011812767,3.3524795001969783,13.520999,23.622,0.56296,14.399999999999999,39858610176,Basic Materials,False
VRSK,199.30673217773438,38.70077176546305,817917.8571428572,37.0337012215228,19.21528976716185,71.5476858295895,5.109097786712143,268.133,45.528999999999996,12.95046,5.8999999999999995,31023710208,Industrials,False
VRTX,232.67999267578125,46.20047091127299,1829891.6666666667,6.0287062709139105,-20.06870910437567,68.79524766488187,4.780317135548353,22.307,40.268,0.10593999999999999,11.0,112534986752,Healthcare,False
VST,17.527524948120117,51.6747820221553,4106906.3492063493,-12.05891033282116,3.8741054754752007,56.77208373585027,4.843657163027407,17.31,21.041999999999998,3.35784,-20.9,61063131136,Utilities,True
VTR,40.79649353027344,84.61102250036437,3557102.380952381,-8.829630756183688,32.426620131130704,46.63993566229119,4.397702337550577,2.1559998,15.584000000000001,1.0011,21.8,36129501184,Real Estate,True
VZ,42.3540153503418,24.620030022112093,16609906.349206349,-0.6012616638191615,8.448403194753306,21.575424454496954,-2.306404546701061,19.875,23.932000000000002,1.64799,1.5,166000672768,Communication Services,False
WEC,76.60574340820312,42.843056474317144,1554720.238095238,2.5742166035116782,1.7317626118243428,38.43732144897726,-6.3621670159774,12.806999999999999,22.163,1.51448,12.9,35189518336,Utilities,False
WELL,55.830223083496094,75.17216854655518,3410309.126984127,-16.56563141304213,23.90262733821842,44.991804041430754,3.325388592817538,2.75,19.906001,0.46210999999999997,30.599999999999998,129139490816,Real Estate,True
WFC,26.51421356201172,61.46157077221872,41060119.047619045,-42.425987959272256,18.42770262890702,55.46875417993099,13.389196502841525,11.5200005,33.717000000000006,,7.5,279205871616,Financial Services,True
WM,108.08051300048828,34.84972322741578,2098631.746031746,4.330852360174791,12.451352385427862,51.23503103014007,0.14126433105309508,29.328,18.872999,2.45399,14.899999999999999,88578375680,Industrials,True
WMB,15.586699485778809,64.3005094309101,11631308.333333334,-7.805437547158231,8.47165031910319,24.754939412524408,-1.4795351665126266,16.902,39.554,1.8833799999999998,8.3,73645604864,Energy,True
WMT,44.902645111083984,31.622472652328664,27220890.476190478,23.24433276693024,21.887402611926387,30.12291456059519,-1.283341659101767,23.660999999999998,3.73,0.66747,5.800000000000001,950363815936,Consumer Defensive,True
WY,27.507919311523438,69.52078120409611,5055525.793650794,16.57048154635929,52.19955328145009,68.51161013734105,11.88946387828219,3.4189999999999996,2.854,0.58233,2.1,19343708160,Real Estate,True
WYNN,110.22351837158203,86.2616334562247,4768915.079365079,-20.36797962262254,46.663230668245184,54.22641863754991,17.022067290979113,,16.931999,,8.3,12203725824,Consumer Cyclical,True
XEL,56.01762008666992,39.108003143424185,3079291.26984127,8.00850523740392,3.743896745854252,53.71871666215782,-4.4391674030053,9.449000999999999,26.615998,1.67891,7.3999999999999995,44578439168,Utilities,True
XOM,34.00010299682617,53.01311750599498,28835327.38095238,-36.639930993585175,-1.442525446249277,43.006994528622734,9.197997986573919,11.424,11.057,0.15672,-5.1,550385221632,Energy,True
XYL,95.08213806152344,46.22508098333895,1172555.1587301588,27.881015487195587,54.9870651413955,59.84254085405457,5.926910636840426,8.555,15.653,0.18253,7.8,35262840832,Industrials,False
YUM,99.76653289794922,44.28227748199376,2157134.126984127,9.246559091527313,27.70386833392856,62.54281953699879,5.875762627833686,,34.410998,,8.4,44699332608,Consumer Cyclical,True
ZTS,157.05075073242188,39.171849376784856,2027111.507936508,23.163174532972143,19.647032073029195,64.65019943866685,1.1882537706589333,49.868,39.333,1.3505,0.5,55515377664,Healthcare,True
