Ticker,Total_Trades,CAGR_%,Total_Return_%,Win_Rate_%,Avg_Win_%,Avg_Loss_%,Max_Win_%,Std_Dev_%,Qualified,Qualification_Reason,Reason
NVDA,3,64.14582742711798,1103.0627300992967,66.66666666666666,290.9406064318151,-14.756122485110174,516.5946037979337,286.478428305072,True,"Std Dev 286.5% ≥30%, Max Win 516.6% ≥150%, Avg Win 290.9% ≥40%",
SMCI,5,48.10105868402681,617.9112845231773,40.0,555.0065298323817,-17.730026749331078,1101.2313294565583,497.62738849038317,True,"Std Dev 497.6% ≥30%, Max Win 1101.2% ≥150%, Avg Win 555.0% ≥40%",
AVGO,2,46.50867053055061,579.9959350593568,100.0,120.74520889824026,0.0,226.3374983793179,149.3300478661659,True,"Std Dev 149.3% ≥30%, Max Win 226.3% ≥150%, Avg Win 120.7% ≥40%",
GE,2,39.9146997455476,439.6619377321244,100.0,118.42848897990388,0.0,226.15382442401665,152.34663039625536,True,"Std Dev 152.3% ≥30%, Max Win 226.2% ≥150%, Avg Win 118.4% ≥40%",
HWM,3,37.02233523789526,385.94534613256457,33.33333333333333,1.533288532595056,-10.213126304749744,1.533288532595056,6.9803920604954985,False,Does not meet criteria,
TRGP,3,36.67610268592767,379.81343569107065,66.66666666666666,133.65280613688657,-15.673095150214579,144.97446147649893,86.95355931777989,True,"Std Dev 87.0% ≥30%, Avg Win 133.7% ≥40%",
STX,4,33.87617050753198,332.46703272533426,50.0,43.218257800829065,-15.722110497651562,45.07236436586021,34.18964052441127,True,"Std Dev 34.2% ≥30%, Avg Win 43.2% ≥40%",
AXON,4,31.416462437412097,294.031179044342,75.0,77.93746506303448,-12.789968429344093,178.21326214476832,84.3845537085524,True,"Std Dev 84.4% ≥30%, Max Win 178.2% ≥150%, Avg Win 77.9% ≥40%",
GOOGL,2,30.864556187032875,285.79514752464297,100.0,47.43601365911656,0.0,53.81788034660984,9.025322422710053,True,Avg Win 47.4% ≥40%,
VST,6,30.718768644195315,283.64276222867966,50.0,113.00269238013134,-11.12766167145633,305.901009828007,125.7918552568855,True,"Std Dev 125.8% ≥30%, Max Win 305.9% ≥150%, Avg Win 113.0% ≥40%",
LLY,3,30.383317450914404,278.7267168426515,33.33333333333333,350.8844040035174,-18.43999714121322,350.8844040035174,213.2302778527063,True,"Std Dev 213.2% ≥30%, Max Win 350.9% ≥150%, Avg Win 350.9% ≥40%",
MPC,2,30.380411622326587,278.6843533634187,100.0,105.55203745400084,0.0,170.74744038509778,92.2002230295359,True,"Std Dev 92.2% ≥30%, Max Win 170.7% ≥150%, Avg Win 105.6% ≥40%",
PWR,3,30.35384029875847,278.2971514480592,100.0,42.04261820848999,0.0,48.98409062398947,7.9198887581936255,True,Avg Win 42.0% ≥40%,
GOOG,3,29.351295882254202,263.91784997825636,66.66666666666666,52.80393384717007,-11.784871801968803,60.32188916863957,38.040648311287,True,"Std Dev 38.0% ≥30%, Avg Win 52.8% ≥40%",
DECK,2,28.373561259769886,250.31926058158876,100.0,105.42808616764998,0.0,189.74275235193613,119.23894442477766,True,"Std Dev 119.2% ≥30%, Max Win 189.7% ≥150%, Avg Win 105.4% ≥40%",
TPR,4,27.823658043798428,242.85179385852817,25.0,20.05532189775878,-7.726284313213527,20.05532189775878,14.771419374931401,False,Does not meet criteria,
MCK,2,27.6940656784316,241.1106809921266,100.0,62.809511043957656,0.0,91.70659093879082,40.866642300251954,True,"Std Dev 40.9% ≥30%, Avg Win 62.8% ≥40%",
NFLX,2,27.061173993211906,232.70901302452089,50.0,251.3512560786455,-5.175974114170623,251.3512560786455,181.39214402834273,True,"Std Dev 181.4% ≥30%, Max Win 251.4% ≥150%, Avg Win 251.4% ≥40%",
DVN,2,26.764221573818702,228.8245050248624,50.0,277.49703333222243,-11.680504591104006,277.49703333222243,204.47939803241414,True,"Std Dev 204.5% ≥30%, Max Win 277.5% ≥150%, Avg Win 277.5% ≥40%",
CAH,2,25.670014348343308,214.82312432899474,50.0,83.82197557680985,-9.573038393517317,83.82197557680985,66.04024770743068,True,"Std Dev 66.0% ≥30%, Avg Win 83.8% ≥40%",
ANET,5,24.759927305828853,203.5450558709147,40.0,97.00828790681857,-13.72691094548619,148.1324302477591,70.6162078819951,True,"Std Dev 70.6% ≥30%, Avg Win 97.0% ≥40%",
COR,1,24.492977015040985,200.29905856552128,100.0,28.361282870560835,0.0,28.361282870560835,,False,Does not meet criteria,
WELL,2,24.39526287239049,199.11787151145938,50.0,22.69115693500867,-11.287737791838161,22.69115693500867,24.026706878577215,False,Does not meet criteria,
ORCL,3,24.176586912226238,196.48795182266235,100.0,47.16042765334267,0.0,93.87340666368965,40.534402896639925,True,"Std Dev 40.5% ≥30%, Avg Win 47.2% ≥40%",
MU,4,23.72664455258393,191.13492993507387,25.0,42.80682285487277,-10.588887972859167,42.80682285487277,26.837369080153927,True,Avg Win 42.8% ≥40%,
WMB,2,22.658456515698113,178.73608642473224,50.0,47.624180729565914,-11.289796323970686,47.624180729565914,41.65847268122439,True,"Std Dev 41.7% ≥30%, Avg Win 47.6% ≥40%",
CEG,2,22.325963339157884,174.9642765575409,50.0,150.66227436374,-23.66730495965282,150.66227436374,123.26962770096922,True,"Std Dev 123.3% ≥30%, Max Win 150.7% ≥150%, Avg Win 150.7% ≥40%",
APH,3,22.110738227171556,172.54462871131906,66.66666666666666,35.11698913357788,-12.719020677686977,64.04192627524668,39.99266516338507,True,Std Dev 40.0% ≥30%,
BK,3,22.01230812940271,171.44373512878423,33.33333333333333,20.89395095613737,-8.610346410459385,20.89395095613737,17.15153406542311,False,Does not meet criteria,
JPM,2,20.56867202565069,155.70227325439456,100.0,44.15714113858925,0.0,73.4723191675796,41.457922351979924,True,"Std Dev 41.5% ≥30%, Avg Win 44.2% ≥40%",
META,4,20.20224240488413,151.82545557022104,75.0,58.81622848944386,-12.084794370769233,165.16828891220555,83.20083029848095,True,"Std Dev 83.2% ≥30%, Max Win 165.2% ≥150%, Avg Win 58.8% ≥40%",
ORLY,2,20.072652649309262,150.4657215327263,100.0,63.08138475509702,0.0,102.37419389296714,55.56842358651341,True,"Std Dev 55.6% ≥30%, Avg Win 63.1% ≥40%",
AMAT,4,19.704800257148204,146.63799263305674,50.0,50.33093287053405,-12.000541813301291,57.28124069708718,36.46833443258672,True,"Std Dev 36.5% ≥30%, Avg Win 50.3% ≥40%",
IRM,4,19.678725589619116,146.36845820617688,50.0,81.28810506431684,-12.8167385666206,101.65307050126087,56.82197958957457,True,"Std Dev 56.8% ≥30%, Avg Win 81.3% ≥40%",
CBOE,1,19.39604111851072,143.4614531970978,100.0,14.7666454721559,0.0,14.7666454721559,,False,Does not meet criteria,
LRCX,5,18.999856712228215,139.43355204257972,40.0,37.03910385958752,-14.205353452697443,59.67056081799499,32.48283784186615,True,Std Dev 32.5% ≥30%,
PHM,3,18.683418627501336,136.25489492015842,66.66666666666666,78.35777028083997,-15.208959296198616,147.71344186983325,87.91162310036813,True,"Std Dev 87.9% ≥30%, Avg Win 78.4% ≥40%",
RL,4,18.541713237873193,134.84244766082767,75.0,23.82635056529992,-13.839956749720903,58.991209785374906,31.205610192163164,True,Std Dev 31.2% ≥30%,
JBL,6,18.531185342959056,134.73778142833712,33.33333333333333,55.98614647831445,-10.747546245531426,85.40112070923733,39.265545472968945,True,"Std Dev 39.3% ≥30%, Avg Win 56.0% ≥40%",
JCI,3,18.330409184884687,132.74884305038458,100.0,21.090459105388494,0.0,43.593911971033656,21.658536856086226,False,Does not meet criteria,
RTX,2,18.241186465989667,131.86932307777403,50.0,21.106935864023406,-8.824800409643586,21.106935864023406,21.164933691797295,False,Does not meet criteria,
WRB,2,17.801762575662927,127.57641208992005,100.0,50.98548493579754,0.0,57.077172868412475,8.614947692048567,True,Avg Win 51.0% ≥40%,
PGR,2,17.644622445699,126.05679027709962,100.0,53.490741304702574,0.0,83.27274817866868,42.11811803585161,True,"Std Dev 42.1% ≥30%, Avg Win 53.5% ≥40%",
IBM,3,17.638796346969123,126.00060568161011,0.0,0.0,-2.834297567108866,-0.026714610860017893,2.5379716522636127,False,Does not meet criteria,
PH,3,17.3347821768149,123.08428992004397,66.66666666666666,41.08974659686295,-10.226342561889599,78.88205868297428,48.02123684715319,True,"Std Dev 48.0% ≥30%, Avg Win 41.1% ≥40%",
AMD,4,17.209933271038658,121.8954169174195,50.0,39.38533209429559,-15.99644831951903,58.603765372816355,35.617913660878365,True,Std Dev 35.6% ≥30%,
AXP,3,16.92685936221874,119.21863423767095,66.66666666666666,36.47140904068742,-12.729044019447969,42.69395358437904,29.07945874735443,False,Does not meet criteria,
ETN,4,16.862924142195567,118.61764971694953,50.0,65.95388009723597,-7.630404139806155,107.895265659865,54.59437315907473,True,"Std Dev 54.6% ≥30%, Avg Win 66.0% ≥40%",
PNR,2,16.730162901511104,117.37392162971496,100.0,47.03162156969628,0.0,71.11921127012374,34.064996039223,True,"Std Dev 34.1% ≥30%, Avg Win 47.0% ≥40%",
AZO,2,16.699377741122024,117.08633230590821,100.0,53.29576297082172,0.0,68.67030564390284,21.742886763555212,True,Avg Win 53.3% ≥40%,
HCA,3,16.302119554641358,113.4024733863831,100.0,17.470201413179574,0.0,26.278409752156932,9.018368149763237,False,Does not meet criteria,
HUBB,3,16.288065166279985,113.27306707305911,66.66666666666666,56.73726508181752,-13.976690979856174,97.40366287650473,57.62444883519361,True,"Std Dev 57.6% ≥30%, Avg Win 56.7% ≥40%",
TT,3,16.156618780613496,112.06580890197762,66.66666666666666,67.46044203296105,-14.950235380831819,115.79454661897476,67.82348843430611,True,"Std Dev 67.8% ≥30%, Avg Win 67.5% ≥40%",
KLAC,6,16.014412840934078,110.76589944610605,33.33333333333333,52.37914902513349,-12.25855123084251,77.85838419988045,37.105310500406894,True,"Std Dev 37.1% ≥30%, Avg Win 52.4% ≥40%",
ACGL,3,15.695379707503964,107.87281365680694,66.66666666666666,55.03016678592234,-9.66790429481437,93.51354777475683,53.63068847393074,True,"Std Dev 53.6% ≥30%, Avg Win 55.0% ≥40%",
LYV,2,15.682812582574535,107.7595058135986,100.0,46.18026305615404,0.0,69.56326626905815,33.06856027270265,True,"Std Dev 33.1% ≥30%, Avg Win 46.2% ≥40%",
STLD,6,15.49079236594948,106.03435328769697,50.0,33.11236441503454,-10.775999881177848,54.37139691066445,29.469274637445537,False,Does not meet criteria,
EBAY,2,15.450067501870656,105.6699508050919,50.0,15.910798280539131,-10.375804015495174,15.910798280539131,18.587434737879725,False,Does not meet criteria,
AJG,2,15.37869502734923,105.03256113777162,100.0,45.7066365542353,0.0,71.00340659208932,35.775035271766505,True,"Std Dev 35.8% ≥30%, Avg Win 45.7% ≥40%",
FITB,3,15.300771287883187,104.33847284116753,66.66666666666666,42.927964118608614,-14.412099401102374,42.99036370305841,33.1053599163283,True,"Std Dev 33.1% ≥30%, Avg Win 42.9% ≥40%",
IT,3,15.281102202031672,104.1635726089478,66.66666666666666,57.65543960569447,-17.657397527483614,64.30094699926184,43.986784919270484,True,"Std Dev 44.0% ≥30%, Avg Win 57.7% ≥40%",
WMT,1,15.19132794694018,103.36680906867987,0.0,0.0,-15.720108080808274,-15.720108080808274,,False,Does not meet criteria,
HIG,3,15.093743886504484,102.50355829048159,33.33333333333333,32.54093546873907,-11.036305462855012,32.54093546873907,25.174117572645457,False,Does not meet criteria,
VLO,4,15.017607825846024,101.8320812582017,75.0,24.68803345366041,-8.748205896684139,62.694934700195695,31.652609792244704,True,Std Dev 31.7% ≥30%,
GRMN,3,14.713578009642436,99.16846159057623,66.66666666666666,48.761617809171966,-3.6318188266504348,85.95432782555513,47.94081503131489,True,"Std Dev 47.9% ≥30%, Avg Win 48.8% ≥40%",
TJX,2,14.611792110643984,98.28302775039673,0.0,0.0,-10.379095476480398,-7.070285400564874,4.679364084676486,False,Does not meet criteria,
DHI,3,14.525493357244045,97.53478802261357,100.0,25.624613411016757,0.0,27.140861120704958,1.4344237709819248,False,Does not meet criteria,
FSLR,4,14.194224905079755,94.68354537734992,50.0,41.620790568393396,-15.272004635394303,71.18388655667447,41.45895633074485,True,"Std Dev 41.5% ≥30%, Avg Win 41.6% ≥40%",
CAT,4,14.19127767957431,94.65832723388681,50.0,33.01458225539036,-12.689222875865214,57.35546876872179,33.0375908957338,True,Std Dev 33.0% ≥30%,
SPG,4,14.09537469993538,93.8391529071809,50.0,43.927108575226924,-8.72194863326671,57.36234833225527,32.3680834785202,True,"Std Dev 32.4% ≥30%, Avg Win 43.9% ≥40%",
CBRE,5,13.97954057067443,92.85341580657969,40.0,42.121097456759315,-7.580705220475646,44.732642150930815,27.36909586076598,True,Avg Win 42.1% ≥40%,
WDC,8,13.723918912648125,90.69230066871648,25.0,23.874581631332312,-15.59507195867216,45.66907217978367,22.301214332735185,False,Does not meet criteria,
EQT,4,13.504953451845235,88.85655000286108,25.0,89.89492500783247,-12.342600755085845,89.89492500783247,51.15458079156687,True,"Std Dev 51.2% ≥30%, Avg Win 89.9% ≥40%",
XOM,4,13.476705637325415,88.62076181221018,25.0,142.93847969558547,-9.198947907243316,142.93847969558547,76.22534212517797,True,"Std Dev 76.2% ≥30%, Avg Win 142.9% ≥40%",
SYF,4,13.470013504769906,88.56493626308446,50.0,41.2489940029586,-17.469288918816524,55.110316154812864,35.94158373209162,True,"Std Dev 35.9% ≥30%, Avg Win 41.2% ≥40%",
NUE,5,13.231235183167268,86.58169607887271,60.0,27.236589802099257,-10.84970723646824,73.68193527371947,35.52740642502547,True,Std Dev 35.5% ≥30%,
WAB,3,13.148352066155011,85.89720595817569,66.66666666666666,41.07758782007913,-13.533105401694447,70.19837227344478,42.92003446605021,True,"Std Dev 42.9% ≥30%, Avg Win 41.1% ≥40%",
COF,5,13.002090441913538,84.69421045227064,40.0,42.04074404485241,-12.202829094468102,42.440117129153386,29.959599365983006,True,Avg Win 42.0% ≥40%,
BSX,4,12.96056830681913,84.35383130054477,50.0,58.99183328326251,-8.549529190877312,115.61632043770634,60.50097329548247,True,"Std Dev 60.5% ≥30%, Avg Win 59.0% ≥40%",
MSFT,3,12.934113636152468,84.13723031616213,66.66666666666666,38.373737347013346,-11.790580579848067,52.64394849922931,32.28712628924887,True,Std Dev 32.3% ≥30%,
L,2,12.734355447693634,82.50825512733464,50.0,23.11081839485287,-13.471735477429869,23.11081839485287,25.867771916213318,False,Does not meet criteria,
FOXA,5,12.590210894646603,81.33997848644263,20.0,18.227592283379654,-10.394542267679457,18.227592283379654,12.810290419400362,False,Does not meet criteria,
NDAQ,3,12.496983588815148,80.58757542114262,66.66666666666666,29.36434625309932,-14.392714813135694,31.57437791289386,25.359634020532855,False,Does not meet criteria,
FFIV,2,12.483004599759372,80.47497203063966,100.0,37.55065005099814,0.0,66.54335319730195,41.001873999359965,True,Std Dev 41.0% ≥30%,
OXY,6,12.432508415865096,80.06868403244033,33.33333333333333,73.70665771942708,-10.132296343875035,123.64727986554482,53.654943843746985,True,"Std Dev 53.7% ≥30%, Avg Win 73.7% ≥40%",
C,4,12.368446921407305,79.55430502147684,50.0,19.345947964838796,-13.82569735880905,30.547436578200067,21.24374473731331,False,Does not meet criteria,
CMA,4,12.160778969248964,77.89492774639133,50.0,26.05682664495017,-10.006324848309859,39.18102704445726,23.417410523743516,False,Does not meet criteria,
HLT,3,12.084178681541658,77.28596032638553,66.66666666666666,31.06894697556827,-12.311784380313973,47.926892347978004,30.190830945331054,True,Std Dev 30.2% ≥30%,
BRK-B,1,12.047939673456165,76.99844479217529,100.0,12.76880870499111,0.0,12.76880870499111,,False,Does not meet criteria,
WFC,5,11.914686837818822,75.94444320087433,40.0,49.9637894158723,-15.34788613966568,52.518868619186655,35.854697702050174,True,"Std Dev 35.9% ≥30%, Avg Win 50.0% ≥40%",
PANW,4,11.903393766653213,75.85534896011359,50.0,56.32993214634395,-12.92229718252585,81.285924149529,44.93213040317858,True,"Std Dev 44.9% ≥30%, Avg Win 56.3% ≥40%",
URI,6,11.873427319628993,75.61911026992809,50.0,38.02426985552584,-13.254068175871128,83.7997063029604,38.21007095292136,True,Std Dev 38.2% ≥30%,
RSG,3,11.746472497885252,74.62108675308228,66.66666666666666,43.622028502260314,-13.517414543565398,62.66367593271739,38.090545468154595,True,"Std Dev 38.1% ≥30%, Avg Win 43.6% ≥40%",
MRK,2,11.689373699322392,74.17370213928228,100.0,22.243673421193623,0.0,39.555280162019926,24.48230903934605,False,Does not meet criteria,
CSCO,2,11.597019602879467,73.45202594261173,100.0,3.9040024477307322,0.0,7.344391806648301,4.865445291225304,False,Does not meet criteria,
CTAS,3,11.560938839534906,73.17073387489319,66.66666666666666,41.01955276012278,-6.46568687883059,77.4787831715589,45.61678941702421,True,"Std Dev 45.6% ≥30%, Avg Win 41.0% ≥40%",
TDG,3,11.349038285850455,71.52608248901372,0.0,0.0,-10.677046298461741,-7.617917663121927,2.733065412549217,False,Does not meet criteria,
KR,3,11.302708278777484,71.16816733255385,66.66666666666666,37.19583913726481,-9.004476482170514,40.04836875317128,26.825857792835567,False,Does not meet criteria,
FANG,6,11.031167849830181,69.08242961025255,33.33333333333333,78.40316641786256,-12.298303181841936,130.97629033159106,57.45628346831399,True,"Std Dev 57.5% ≥30%, Avg Win 78.4% ≥40%",
NRG,6,10.918587621605846,68.22367729568482,16.666666666666664,128.47697269874936,-12.634458159984806,128.47697269874936,58.05289031580394,True,"Std Dev 58.1% ≥30%, Avg Win 128.5% ≥40%",
AFL,4,10.748276647901367,66.93120127048499,50.0,46.17092046020532,-10.756819523302878,66.85467502577382,37.06828369974745,True,"Std Dev 37.1% ≥30%, Avg Win 46.2% ≥40%",
CARR,3,10.540583672960091,65.36581049804691,66.66666666666666,36.54610540609982,-10.559193253751454,48.18948480353031,29.583858285734767,False,Does not meet criteria,
FOX,5,10.335304366174181,63.83018418569567,20.0,11.865978889006232,-10.349706958427719,11.865978889006232,9.990852264050751,False,Does not meet criteria,
INTU,3,10.32844416144496,63.77906317901616,66.66666666666666,29.854021403468472,-1.7808019846096645,35.32390898476871,19.06586007546021,False,Does not meet criteria,
GWW,3,10.154139433067332,62.48445493316657,66.66666666666666,43.11890407347591,-14.657313741790153,78.31978857103039,48.49535425607825,True,"Std Dev 48.5% ≥30%, Avg Win 43.1% ≥40%",
OKE,4,10.120801924122347,62.23778445949558,50.0,44.9562635097834,-11.667821159594451,50.340401770535706,33.68544468285784,True,"Std Dev 33.7% ≥30%, Avg Win 45.0% ≥40%",
K,1,10.106600250496346,62.13279473953249,100.0,7.725494053586182,0.0,7.725494053586182,,False,Does not meet criteria,
TRV,3,10.037795366984259,61.62490602951058,33.33333333333333,12.153774919286576,-8.890417611918178,12.153774919286576,12.349326018275299,False,Does not meet criteria,
MS,5,9.970949809215245,61.1327011272431,40.0,18.82643177426111,-8.566371740131082,26.72321462332444,16.36255090322319,False,Does not meet criteria,
BRO,4,9.96541663354613,61.09201246414187,50.0,44.182824412681015,-10.754861105320668,67.28400330314659,36.90911924171059,True,"Std Dev 36.9% ≥30%, Avg Win 44.2% ≥40%",
MLM,4,9.783867142096359,59.76152992248542,50.0,32.22734978439911,-11.816681142970843,41.61585030306082,26.588487652769512,False,Does not meet criteria,
FICO,6,9.75537537522504,59.553529734802325,16.666666666666664,241.42455654750395,-13.46487319465837,241.42455654750395,104.12777995311366,True,"Std Dev 104.1% ≥30%, Max Win 241.4% ≥150%, Avg Win 241.4% ≥40%",
PNC,3,9.746974639836425,59.492242745971744,66.66666666666666,29.88434485687946,-17.79977401422547,34.817129704307874,27.968865377813255,False,Does not meet criteria,
RJF,4,9.639457565766962,58.70952247962957,50.0,30.627897403464424,-9.83718390770392,43.109919038317216,25.50025466395897,False,Does not meet criteria,
CFG,4,9.569209165425118,58.19978037157066,50.0,24.75158089215231,-13.036083332036522,25.934600097533085,22.266755840043103,False,Does not meet criteria,
LEN,4,9.419454422851391,57.11749387168889,75.0,25.201962395935556,-19.834249776049635,27.29545807082388,22.579094691656397,False,Does not meet criteria,
ALL,3,9.315187194230257,56.36745577239996,33.33333333333333,5.96138846143869,-8.963104272891515,5.96138846143869,8.618194505759009,False,Does not meet criteria,
REG,2,9.265725412442084,56.01266044731145,50.0,41.68537673868751,-11.228805363603197,41.68537673868751,37.415976985469605,True,"Std Dev 37.4% ≥30%, Avg Win 41.7% ≥40%",
MMM,3,8.794051269005054,52.66155848426825,33.33333333333333,0.8999391844316622,-10.379730962501071,0.8999391844316622,6.609233316427442,False,Does not meet criteria,
GD,3,8.640003622080329,51.57967377929692,66.66666666666666,23.141785768774106,-11.824363735112675,35.00027778062843,23.41298150965115,False,Does not meet criteria,
CTVA,3,8.347836671345355,49.54463671455389,66.66666666666666,30.994242159186463,-10.485175666294342,46.09896509745505,28.31371910262106,False,Does not meet criteria,
MMC,3,8.275170403464106,49.041906166839674,66.66666666666666,28.888387094254885,-9.946680540107,30.739241977789668,22.497699656966233,False,Does not meet criteria,
AIG,5,8.252214375569068,48.88336998729708,60.0,22.598981470878115,-9.112222493156974,41.84792646962739,22.845274890471046,False,Does not meet criteria,
GS,8,8.216452937804863,48.63666767730718,25.0,34.964947022879215,-10.376945998191173,40.49682408468779,21.373719728048922,False,Does not meet criteria,
AIZ,4,8.116287133705246,47.94741021652227,50.0,23.994844568115994,-8.499123105510543,40.86662487784661,23.28253606743207,False,Does not meet criteria,
BLDR,7,8.057660488896223,47.545179541969375,28.57142857142857,80.96623287276198,-14.004156905815975,116.57111276964496,50.78448828823157,True,"Std Dev 50.8% ≥30%, Avg Win 81.0% ≥40%",
AMP,4,7.929479809287243,46.66879662170413,50.0,36.44313174976692,-10.923040336552129,36.844728255808654,27.41154520695878,False,Does not meet criteria,
ETR,4,7.843585729013469,46.08386720066072,25.0,6.203400626749592,-11.262087976371328,6.203400626749592,9.44952578873183,False,Does not meet criteria,
CF,6,7.52657577155893,43.94121096782694,16.666666666666664,137.78510232925535,-9.418521080395319,137.78510232925535,60.298861095045766,True,"Std Dev 60.3% ≥30%, Avg Win 137.8% ≥40%",
AMZN,2,7.491906719874453,43.708419497680694,50.0,51.26807011469878,-14.563939799294292,51.26807011469878,46.55026062932453,True,"Std Dev 46.6% ≥30%, Avg Win 51.3% ≥40%",
AAPL,4,7.474512366715724,43.59173567123417,75.0,10.571325665033397,-9.425656890644776,14.088146444109173,10.305802188092324,False,Does not meet criteria,
GILD,4,7.457839219206064,43.47996102066045,25.0,15.465506452765798,-9.226059798297452,15.465506452765798,13.506544715031186,False,Does not meet criteria,
MSI,5,7.391324532432875,43.034748229217584,40.0,43.454846995908326,-10.90445163025151,61.36784702674235,32.409390373244854,True,"Std Dev 32.4% ≥30%, Avg Win 43.5% ≥40%",
SNA,4,7.383346172219962,42.98141985778813,75.0,16.630376024213756,-13.584832887240921,23.06635028584472,16.17924337709165,False,Does not meet criteria,
NTRS,4,7.263393719609956,42.18155972785953,50.0,15.482559208089594,-14.0484838060128,15.587917927429503,17.06643916766489,False,Does not meet criteria,
CINF,3,7.256309103830927,42.134430799865754,33.33333333333333,31.502372114815934,-17.250984030127196,31.502372114815934,28.698701120277228,False,Does not meet criteria,
STT,4,7.2290051832719415,41.95291415939333,50.0,8.319660382288825,-8.958744106175526,10.642147747501433,10.15574982735594,False,Does not meet criteria,
ABBV,4,7.176323029625076,41.60320748062137,50.0,21.681731188445426,-8.734930077559477,31.677324381671703,19.413738713214318,False,Does not meet criteria,
NWS,4,7.122373257444625,41.24580160369879,50.0,35.13807891971505,-11.6662870144452,46.690615220796616,28.755478385874817,False,Does not meet criteria,
ISRG,4,7.075062388640907,40.93297189483643,50.0,25.452446249614518,-6.12140494137864,44.27978530061047,23.934577188986616,False,Does not meet criteria,
COST,5,6.9916449971866745,40.38274969177248,40.0,50.54410771411284,-12.777915266313295,84.68842123578129,42.404087964492255,True,"Std Dev 42.4% ≥30%, Avg Win 50.5% ≥40%",
LHX,3,6.983070304334205,40.32628854827886,66.66666666666666,13.22471897816039,-14.526777436557758,15.173702957261122,16.140437508614692,False,Does not meet criteria,
BX,7,6.973696968754894,40.26458944625863,28.57142857142857,71.90026954191028,-13.928252329032219,81.45412416370745,42.350923951029834,True,"Std Dev 42.4% ≥30%, Avg Win 71.9% ≥40%",
NOW,4,6.964526187446918,40.20424466476441,25.0,87.78231037069855,-9.01315320647012,87.78231037069855,48.86588639580769,True,"Std Dev 48.9% ≥30%, Avg Win 87.8% ≥40%",
IVZ,5,6.9468086993251354,40.087720461940805,40.0,19.71505421983892,-14.926371579354678,32.85574270732649,21.633264357606578,False,Does not meet criteria,
CB,4,6.752451856005348,38.81455998153693,25.0,19.767665686094666,-8.970991866373355,19.767665686094666,14.526087373296322,False,Does not meet criteria,
MCO,3,6.72143847907043,38.612262800598145,66.66666666666666,17.540261411758877,-4.16483299646738,19.79713275675834,12.733047920976523,False,Does not meet criteria,
EXC,2,6.640899957067425,38.08802037887581,50.0,28.37384661291261,-12.894635717162897,28.37384661291261,29.181223704873606,False,Does not meet criteria,
NI,3,6.5215794586122255,37.31425750093467,33.33333333333333,9.042569824472993,-11.36411809962701,9.042569824472993,12.321202452401673,False,Does not meet criteria,
ALLE,3,6.5065702471431175,37.217172955703774,66.66666666666666,10.382125472014353,-3.0953773718924347,13.465170465418302,8.36975870224813,False,Does not meet criteria,
GLW,7,6.3834544950569505,36.422892296218905,28.57142857142857,12.154250884032761,-10.88221402747586,22.333816603427795,12.970933260398159,False,Does not meet criteria,
REGN,3,6.1921834225106,35.196214660644564,66.66666666666666,11.208921782320372,-6.754668430894435,18.735884020533618,12.81478384464302,False,Does not meet criteria,
VTR,4,6.1246191004795,34.765022083282524,25.0,4.619828864575688,-11.803940337526152,4.619828864575688,8.223469964092914,False,Does not meet criteria,
MRNA,4,5.993280099536147,33.929973410987984,25.0,121.26238206057347,-18.030976406796686,121.26238206057347,69.95231180192037,True,"Std Dev 70.0% ≥30%, Avg Win 121.3% ≥40%",
MTB,4,5.990169808838175,33.91024863929757,75.0,11.223791710142613,-11.078058406220936,26.99701139535235,15.942814833140378,False,Does not meet criteria,
TSCO,4,5.9855251591595104,33.88079763498315,50.0,26.167043223468653,-8.093688622047166,33.598426457258135,20.69615257150492,False,Does not meet criteria,
PRU,4,5.977785507455602,33.831733224868785,50.0,30.71860036001936,-14.025434979853337,33.844812446164575,26.010708852293227,False,Does not meet criteria,
MO,3,5.963100327177551,33.73867821264274,33.33333333333333,2.8192903544288637,-6.95232537009694,2.8192903544288637,6.778769165265432,False,Does not meet criteria,
DOV,4,5.856992308492837,33.06784619598391,50.0,19.56916956751033,-7.490029430942646,20.610561785458277,15.733855853240682,False,Does not meet criteria,
CMI,6,5.7455614317531545,32.36626559829716,16.666666666666664,20.76205666569736,-5.544290255224929,20.76205666569736,11.26401120815608,False,Does not meet criteria,
TYL,3,5.693063480808247,32.036761062622084,66.66666666666666,24.34886952511006,-10.563369513713432,48.03260374839313,31.099958386795738,True,Std Dev 31.1% ≥30%,
TXT,4,5.663910957787466,31.854068461608932,50.0,20.000055435964217,-8.310665027882791,34.71345786614925,20.3231762706457,False,Does not meet criteria,
CME,3,5.598364097140007,31.444039523315425,33.33333333333333,6.602771934504978,-3.649979766979775,6.602771934504978,6.5130760037157085,False,Does not meet criteria,
VRTX,3,5.473850988275353,30.667958872985835,33.33333333333333,90.12070975733863,-17.045660453949928,90.12070975733863,62.24850786550315,True,"Std Dev 62.2% ≥30%, Avg Win 90.1% ≥40%",
NVR,3,5.470993851775696,30.650193725585993,100.0,17.332885838190645,0.0,21.498701013775793,3.959382501868173,False,Does not meet criteria,
SCHW,3,5.3258674026921415,29.750365017700258,33.33333333333333,30.953661323413666,-15.805362681803604,30.953661323413666,29.697917831010916,False,Does not meet criteria,
NTAP,5,5.24218252126194,29.23375327548987,40.0,36.94718403242156,-10.367888233325054,52.17790130700541,28.082282600501575,False,Does not meet criteria,
GM,6,5.229069317447976,29.152951046752968,33.33333333333333,21.82174449445644,-14.444633464110026,29.335054288972128,19.521666319768876,False,Does not meet criteria,
NOC,3,5.208691996380765,29.02746834869391,33.33333333333333,41.64320844393908,-12.343838704478099,41.64320844393908,31.24725050769791,True,"Std Dev 31.2% ≥30%, Avg Win 41.6% ≥40%",
FAST,5,5.18107655705089,28.85756943979268,40.0,36.82338731986197,-10.221833013140513,67.02651344129644,33.47026443406865,True,Std Dev 33.5% ≥30%,
ADM,3,5.1766529937113726,28.8303709348679,33.33333333333333,55.64798912640203,-12.503187771958146,55.64798912640203,39.392553381910524,True,"Std Dev 39.4% ≥30%, Avg Win 55.6% ≥40%",
TSLA,5,5.159336529277758,28.723943987274215,40.0,5.8966150722174175,-6.115653582238003,9.932422132530707,9.83364975982433,False,Does not meet criteria,
KMI,5,5.1207841592944225,28.487254056930595,20.0,4.712396500579513,-8.076013008897736,4.712396500579513,5.846434017476623,False,Does not meet criteria,
ICE,3,5.072166753158425,28.189267440795916,66.66666666666666,23.526002064543885,-12.83230269053804,46.46863569684136,31.096728866666425,True,Std Dev 31.1% ≥30%,
AEP,3,5.033687904743478,27.953814787292526,33.33333333333333,5.99325535359014,-9.98138883113253,5.99325535359014,9.225965283629822,False,Does not meet criteria,
LOW,3,5.026422982626122,27.90939950942995,66.66666666666666,16.485776443347202,-5.495444625341294,25.165471239048586,15.375146448192854,False,Does not meet criteria,
TFC,3,4.967883423512065,27.55195878143319,66.66666666666666,15.04815088890312,-19.513287002071543,17.07115491917338,20.056342513123443,False,Does not meet criteria,
CPRT,4,4.8647104334436975,26.92393508119585,25.0,56.73090133155192,-6.704433605946888,56.73090133155192,31.962171293697015,True,"Std Dev 32.0% ≥30%, Avg Win 56.7% ≥40%",
TMUS,4,4.797703211075532,26.51738386878971,50.0,25.583717076396407,-8.451241880700582,50.35589724111752,28.200104115395987,False,Does not meet criteria,
ATO,3,4.758469646848984,26.279827528762873,0.0,0.0,-6.296697338992061,-1.5096599322481852,4.222662766823952,False,Does not meet criteria,
UHS,4,4.756345123487704,26.266973898315467,50.0,17.977439978487283,-12.232421696780616,35.194980989189304,22.78987849243753,False,Does not meet criteria,
ECL,2,4.738329669327324,26.158020264434832,0.0,0.0,-8.241296025393034,-3.0521328766969913,7.3385849022526175,False,Does not meet criteria,
ESS,4,4.711102006679169,25.99349603576668,50.0,26.595727987862944,-11.204636665204017,29.796799300916664,21.994083699172144,False,Does not meet criteria,
BAC,5,4.69244576155825,25.88086416435244,40.0,24.651715050757097,-13.506967127913283,32.92630108251346,21.760671784768,False,Does not meet criteria,
IDXX,4,4.659710187567612,25.683427140808124,25.0,7.37707926951764,-6.395310603222249,7.37707926951764,9.708225745714985,False,Does not meet criteria,
SLB,5,4.605680639219578,25.358102894973833,40.0,29.415007790228472,-8.38861241612638,57.079596654817685,28.754442840108766,False,Does not meet criteria,
PM,6,4.5555804295005276,25.057040962982207,33.33333333333333,35.741202058067394,-8.264212617906303,62.99510225544452,28.541652505493175,False,Does not meet criteria,
COP,6,4.4613031270801295,24.492080214882115,16.666666666666664,90.80539063460024,-7.370076685376898,90.80539063460024,40.31121725673966,True,"Std Dev 40.3% ≥30%, Avg Win 90.8% ≥40%",
CNP,4,4.423495857501636,24.266093511867584,25.0,26.221246123903548,-9.678593618969357,26.221246123903548,17.98141473138563,False,Does not meet criteria,
ULTA,4,4.356302062950612,23.865264500427294,25.0,16.520572655439896,-11.648425136758718,16.520572655439896,15.227745670741154,False,Does not meet criteria,
VMC,4,4.352329371986463,23.841598788452213,50.0,25.814294170013845,-14.853412711801326,35.14624164944861,25.06505196096727,False,Does not meet criteria,
DLR,4,4.350613349354382,23.831377392196682,50.0,24.050282817026442,-8.686427956813066,46.87551011682369,26.556926506813223,False,Does not meet criteria,
ROST,4,4.321501928561844,23.658079698944164,25.0,43.16946823070289,-11.162344903945183,43.16946823070289,27.36037400568217,True,Avg Win 43.2% ≥40%,
KEY,5,4.272968139635647,23.369594199037603,40.0,22.220230584546773,-12.50196706497306,28.797892883181763,19.774364122249995,False,Does not meet criteria,
DTE,2,4.241365421892951,23.18203711090091,50.0,8.155823626045077,-10.326172796628407,8.155823626045077,13.068745000337932,False,Does not meet criteria,
BKR,5,4.097962590702164,22.333830726337528,60.0,7.681756182578158,-5.645659010425901,14.953883988095804,8.981972352206125,False,Does not meet criteria,
PAYX,4,4.083131841608401,22.24637661018376,50.0,23.517850870828823,-10.454676365654862,24.257222662654037,19.664606326553955,False,Does not meet criteria,
GIS,2,4.008697820181895,21.808209129715,50.0,33.10145836326186,-8.386337601985165,33.10145836326186,29.336301863510062,False,Does not meet criteria,
AVB,3,4.004846751174673,21.785573475646995,66.66666666666666,17.488475785648333,-10.43709755306028,30.355452978095908,20.627772157203434,False,Does not meet criteria,
MAA,4,3.8830777844507836,21.071580038452193,50.0,27.460952937654145,-12.535248530828737,47.33159767479966,28.362273921734598,False,Does not meet criteria,
HII,4,3.8341179384449697,20.785450115966814,50.0,2.1849647605827855,-13.546642503482428,3.7177369183996722,9.433981003147023,False,Does not meet criteria,
HSY,3,3.830659485450183,20.76525880508427,33.33333333333333,45.61211235885301,-12.181535043043924,45.61211235885301,33.3684794915326,True,"Std Dev 33.4% ≥30%, Avg Win 45.6% ≥40%",
ELV,2,3.7855258422632376,20.502005046081575,50.0,41.676891224285626,-11.145240868731296,41.676891224285626,37.35088779970383,True,"Std Dev 37.4% ≥30%, Avg Win 41.7% ≥40%",
NWSA,5,3.761686970025324,20.36314417524345,40.0,30.170399157209275,-10.510937354442083,41.070230693374086,23.71455570542926,False,Does not meet criteria,
TEL,5,3.679972173284529,19.888129478836053,20.0,9.358991944475045,-8.029356463384822,9.358991944475045,8.047020697915531,False,Does not meet criteria,
FDX,3,3.6016636352095732,19.43432539291387,33.33333333333333,21.23766979900694,-9.159887439534735,21.23766979900694,18.78058457382041,False,Does not meet criteria,
PCAR,5,3.5495598090049763,19.133142516136232,20.0,64.48044891353297,-10.58129100684764,64.48044891353297,33.65893272346761,True,"Std Dev 33.7% ≥30%, Avg Win 64.5% ≥40%",
XYL,4,3.36596279416268,18.07671505355838,75.0,7.5641775608094095,-11.579535017682044,13.765846166387607,10.895965082765283,False,Does not meet criteria,
BIIB,2,3.3035551782534034,17.719331527709983,0.0,0.0,-3.0313875505324512,-2.953131690967257,0.11067049793226211,False,Does not meet criteria,
EL,2,3.2538253816119633,17.43516938285829,50.0,9.585988026873107,-24.541139230789604,9.585988026873107,24.131523106309565,False,Does not meet criteria,
IR,4,3.1539336349285074,16.866035484123277,25.0,68.65641542780078,-10.57358810500461,68.65641542780078,40.262465728966255,True,"Std Dev 40.3% ≥30%, Avg Win 68.7% ≥40%",
EXR,5,3.118637547914993,16.665464728927653,40.0,33.583614724290655,-12.098266993951468,58.27233234798682,30.532560531051065,True,Std Dev 30.5% ≥30%,
SO,4,3.1053522073543727,16.59004194450381,50.0,17.880239121593608,-8.106150092228763,26.632373562697552,16.626352063790065,False,Does not meet criteria,
BR,4,3.078264088987104,16.43637977676395,50.0,23.810839190153327,-11.272552082394492,46.42689054125116,27.41482602168887,False,Does not meet criteria,
GPC,4,2.9887596328933563,15.929802639770532,25.0,61.609415884160526,-10.04668815118017,61.609415884160526,35.89598110254609,True,"Std Dev 35.9% ≥30%, Avg Win 61.6% ≥40%",
CDW,4,2.939935054747478,15.65421027908329,50.0,20.66782457334152,-10.62682894924161,28.57214412008898,19.365306145653353,False,Does not meet criteria,
CPT,5,2.8750444121504737,15.288744574737592,40.0,29.281370881428224,-10.877106360349615,49.62222222973314,26.32252294033711,False,Does not meet criteria,
V,4,2.68118553532366,14.202431295776405,0.0,0.0,-9.633275139321976,-5.153557908104911,3.7284196681265223,False,Does not meet criteria,
ED,3,2.6346719966271914,13.943009974289017,33.33333333333333,18.78805847876989,-4.470053235461019,18.78805847876989,14.004379733479785,False,Does not meet criteria,
NXPI,4,2.6055268217330063,13.780698366546712,50.0,21.416578278819436,-10.569034294035811,25.34349670441216,18.746731596113836,False,Does not meet criteria,
FTNT,6,2.567611265568792,13.569821021747702,33.33333333333333,43.707286800047456,-12.110029687232945,83.29959174766294,38.310091458330824,True,"Std Dev 38.3% ≥30%, Avg Win 43.7% ≥40%",
EOG,7,2.537493772605859,13.402537791252234,28.57142857142857,55.65842811520684,-11.617329881447994,110.37050673967386,45.85537332519858,True,"Std Dev 45.9% ≥30%, Avg Win 55.7% ≥40%",
WM,4,2.5142183311980038,13.273392953109761,50.0,19.797815969139734,-11.064190906718366,24.054675463058857,18.184330009588937,False,Does not meet criteria,
FE,3,2.487694429156395,13.12636748523715,33.33333333333333,13.933094369080424,-11.817009722901886,13.933094369080424,14.868237524504005,False,Does not meet criteria,
CDNS,5,2.367585439682518,12.462499121093806,40.0,27.600951391788875,-12.877864684951199,51.237794867731445,27.93340182709197,False,Does not meet criteria,
USB,4,2.2967364741563134,12.072366824150139,50.0,14.43479127965458,-13.425706625741414,15.208263465167644,16.11925008382998,False,Does not meet criteria,
EG,4,2.2815004185686494,11.988610716247603,50.0,19.93828094877484,-11.611171514709582,27.069248455468404,19.12890607731534,False,Does not meet criteria,
EMR,5,2.2296672100975856,11.704046863555922,40.0,12.430527790552098,-7.489871153303387,12.448689399768387,11.109068311150464,False,Does not meet criteria,
PKG,4,2.215632617205898,11.6270967746735,25.0,48.2327306981506,-7.727234403660802,48.2327306981506,27.980812759738438,True,Avg Win 48.2% ≥40%,
MAR,6,2.1455183413184864,11.243303590393115,50.0,11.951060669047159,-12.803611088357641,26.78711357309401,16.204626766255416,False,Does not meet criteria,
KO,2,1.9942291065015771,10.418772398376495,50.0,5.072277573426624,-8.227059734021362,5.072277573426624,9.40405159538371,False,Does not meet criteria,
RF,5,1.9513606967267005,10.186030256366758,40.0,21.676299719796646,-14.430522338510626,30.21115439895513,20.8689816875448,False,Does not meet criteria,
CVX,5,1.915966383443246,9.99416286621099,20.0,77.47963512890766,-11.4822225997615,77.47963512890766,39.96186697637957,True,"Std Dev 40.0% ≥30%, Avg Win 77.5% ≥40%",
WAT,5,1.9003357229155915,9.909516551971482,40.0,16.241687723028896,-7.617532866260906,31.561742133125904,17.562983510282013,False,Does not meet criteria,
D,2,1.7290387149454967,8.985287770462055,0.0,0.0,-9.785606429595134,-5.382823128702764,6.2264758563117715,False,Does not meet criteria,
GL,4,1.7102137616839652,8.884098957824717,25.0,2.933275657680266,-7.671688730703469,2.933275657680266,5.852179974112941,False,Does not meet criteria,
OMC,4,1.7074924752529475,8.869477591323903,75.0,8.006565678134805,-13.76089928047199,10.0148169665769,11.148543464659527,False,Does not meet criteria,
SHW,5,1.6825411109661292,8.735488160705627,40.0,27.08041205194891,-11.989675811817756,41.09882506629705,23.67024033847246,False,Does not meet criteria,
RCL,8,1.6285723490857773,8.446126285553055,25.0,92.42673318816003,-15.643290851865352,175.622581073458,67.09531368105652,True,"Std Dev 67.1% ≥30%, Max Win 175.6% ≥150%, Avg Win 92.4% ≥40%",
CHD,3,1.6268466471266674,8.436883851623552,66.66666666666666,9.518278912648654,-8.962079313978832,18.540860010793082,13.973123597371462,False,Does not meet criteria,
FRT,4,1.5860450686303595,8.218544354248062,50.0,18.816373251159874,-12.952520351435076,32.682077269589946,21.623030348187317,False,Does not meet criteria,
LIN,5,1.4349320712838676,7.412964953613319,40.0,23.45381427796556,-10.190957313798732,41.21378933466226,22.30495075997729,False,Does not meet criteria,
GNRC,5,1.383903773144457,7.142021692657527,40.0,31.34860236316039,-14.079156698944018,49.36134959045508,28.100679037676816,False,Does not meet criteria,
DRI,6,1.3502830973010083,6.963806384277395,50.0,12.957773223231456,-9.382333924655397,17.47552864468075,12.686675651395534,False,Does not meet criteria,
BMY,3,1.3470777218329788,6.946827843856846,33.33333333333333,10.828542024863868,-6.002909004016436,10.828542024863868,10.652421601734746,False,Does not meet criteria,
AVY,4,1.307023977797983,6.734849238586503,50.0,19.073426764072288,-12.899411946911208,27.86054624836917,19.868047605256425,False,Does not meet criteria,
AOS,4,1.2558798669043414,6.464665708541907,50.0,19.796676654456338,-11.791452891652352,28.805256401416422,19.862071430314327,False,Does not meet criteria,
BWA,6,1.2350811644703974,6.354947331237853,33.33333333333333,11.444399106944635,-10.877835504617847,14.896083785472424,12.06302116069224,False,Does not meet criteria,
PG,3,1.135926385466579,5.833125016021804,66.66666666666666,8.349919853286814,-9.834724983596459,11.508333699320108,10.963698310211901,False,Does not meet criteria,
EVRG,4,1.0988006393961802,5.6382715497970635,25.0,6.157087370439554,-11.62681889947987,6.157087370439554,9.070017129961776,False,Does not meet criteria,
EXPD,5,1.0655591641637097,5.464048436737085,20.0,20.249939239899064,-8.949509364579804,20.249939239899064,13.751055853463683,False,Does not meet criteria,
KIM,5,0.9729810731701427,4.980046419954361,40.0,27.83785493956972,-10.696296173794382,40.82246897328937,23.219112764868502,False,Does not meet criteria,
MOH,4,0.9064974256755454,4.633565814208996,50.0,15.464518106398938,-10.871828771685657,29.20847802869292,18.905726718403262,False,Does not meet criteria,
T,5,0.9061285770158412,4.631646111059272,20.0,71.10509313088576,-11.564943404557582,71.10509313088576,36.98212992275543,True,"Std Dev 37.0% ≥30%, Avg Win 71.1% ≥40%",
ON,5,0.8609060705725202,4.396495471000726,40.0,34.1822625577627,-15.529693260775284,56.33327710375361,31.447253194039394,True,Std Dev 31.4% ≥30%,
MA,5,0.8535794210741132,4.358437797546431,0.0,0.0,-9.578863591443943,-6.691046664261294,1.789598272902036,False,Does not meet criteria,
ABT,3,0.7599230246161826,3.8729253379821964,33.33333333333333,3.5062412167160217,-10.1222813144105,3.5062412167160217,8.184529329141679,False,Does not meet criteria,
SYK,5,0.5894676268560994,2.993931141662597,40.0,13.683886439092907,-7.072874224740459,22.748262227461243,13.366939793979505,False,Does not meet criteria,
BLK,4,0.5835722603644289,2.963637188720786,50.0,13.198054947513683,-14.24445096577632,15.993992638758911,16.090706211053764,False,Does not meet criteria,
MTD,4,0.5459445407953067,2.770451306152372,25.0,18.855605151966405,-7.79941071459222,18.855605151966405,14.0341964468528,False,Does not meet criteria,
FIS,3,0.39526339751292383,1.9997398260116643,33.33333333333333,24.58074455016973,-9.511621561534577,24.58074455016973,19.839901986532617,False,Does not meet criteria,
WBD,7,0.344499924051056,1.7411371385098393,14.285714285714285,2.010222738126753,-15.909568156914688,2.010222738126753,8.191574362931465,False,Does not meet criteria,
MET,5,0.30986463778661655,1.5649972517013884,40.0,21.631720949489868,-10.871311853956854,32.46280798846109,19.414048555554157,False,Does not meet criteria,
TER,6,0.29616725859176185,1.4954058021546008,0.0,0.0,-9.660369868280569,-4.111980236502628,6.179806305827358,False,Does not meet criteria,
TRMB,5,0.2948138857635785,1.488531875610406,20.0,15.606922572690591,-6.667893492114398,15.606922572690591,10.472662813470814,False,Does not meet criteria,
CVS,5,0.2925974445652235,1.477275136947719,20.0,19.696607990385033,-12.215707776444486,19.696607990385033,14.431748959349282,False,Does not meet criteria,
INCY,5,0.2752698505638529,1.3893071695328216,20.0,2.087348237168281,-8.732818565259358,2.087348237168281,5.412700046432038,False,Does not meet criteria,
HPQ,5,0.23585418222060728,1.1894308641434508,40.0,21.40860363103182,-11.533549178982463,31.508592305117027,19.578712750894336,False,Does not meet criteria,
GEN,5,0.2225838896478427,1.1222084394455487,40.0,18.819001792676428,-10.440261213701016,24.043298490314506,16.57849723536407,False,Does not meet criteria,
EQR,4,0.19520629696934133,0.9836366067886593,50.0,16.710229111193744,-13.621785063915754,25.759339271621016,19.00758832483658,False,Does not meet criteria,
DUK,4,0.18902798708737567,0.9523860977173353,25.0,6.703010064543105,-10.437485090326883,6.703010064543105,9.104912737678678,False,Does not meet criteria,
WTW,4,0.14421254129093342,0.7259368331909536,0.0,0.0,-9.10108659489146,-6.881313214679241,2.052828901724694,False,Does not meet criteria,
CE,4,0.12350687662479043,0.6214500526428673,50.0,16.47001513948731,-13.70881616653702,22.14994915601994,18.19397359069031,False,Does not meet criteria,
GEV,0,0.0,0.0,0.0,0.0,0.0,0.0,0.0,False,,No trades
BKNG,7,-0.10286929468934503,-0.5152584472655508,28.57142857142857,38.25523029756955,-12.034824718750441,56.41564979885978,26.917792730110907,False,Does not meet criteria,
LDOS,6,-0.10429671747448355,-0.5223932304381742,16.666666666666664,45.25255440567816,-10.21587799103757,45.25255440567816,23.087100124671295,True,Avg Win 45.3% ≥40%,
ITW,3,-0.11454413818833276,-0.573601573181113,66.66666666666666,7.115621879479143,-10.532065902595036,8.817168803770576,10.3299995137184,False,Does not meet criteria,
ADI,6,-0.188588067539186,-0.9429864440917664,50.0,7.272540757262337,-12.7822445650756,11.723580291895667,11.516107890450227,False,Does not meet criteria,
ADP,5,-0.19443407476535945,-0.9721036987304251,40.0,18.29822668728724,-10.766706153506705,24.19358213414628,16.514022756679374,False,Does not meet criteria,
ODFL,6,-0.245343657188013,-1.2253798534392446,33.33333333333333,26.87343279446979,-11.552910465596947,39.71213491874839,21.449178188684773,False,Does not meet criteria,
MNST,5,-0.2964244743985489,-1.4789862949371129,20.0,9.66185925966494,-11.045652067924777,9.66185925966494,9.513940304509646,False,Does not meet criteria,
MAS,5,-0.32302423257229984,-1.6108423709869022,40.0,15.763350755591944,-9.378162035138939,27.596313957713615,16.572549804400243,False,Does not meet criteria,
VICI,5,-0.3501203859027968,-1.7450137681960405,40.0,8.944289443546904,-6.012235479632904,10.099926978243898,9.00336202550276,False,Does not meet criteria,
UBER,7,-0.38616071536767826,-1.923246754836982,14.285714285714285,95.43833195770151,-10.729888706290053,95.43833195770151,40.43168926133267,True,"Std Dev 40.4% ≥30%, Avg Win 95.4% ≥40%",
IP,5,-0.49631410636423734,-2.4663924369811685,40.0,23.665305465297102,-13.284585542066347,41.599783005501436,23.931380665815798,False,Does not meet criteria,
LNT,4,-0.5141547910903821,-2.554134394264165,25.0,8.248257873484468,-12.37861594409607,8.248257873484468,10.633039159221527,False,Does not meet criteria,
AMGN,5,-0.6321974312656464,-3.133086509704572,40.0,6.887813072583455,-9.151326307978769,9.42581790959103,9.005270610124594,False,Does not meet criteria,
CMS,3,-0.661942727107645,-3.278539942169154,0.0,0.0,-8.706121484949717,-2.824603910116537,5.384779391854856,False,Does not meet criteria,
TSN,5,-0.6971141394727431,-3.4503011734008036,40.0,13.464891232904115,-9.088183538057946,21.317669506239717,13.556351650128798,False,Does not meet criteria,
GEHC,2,-0.7096423345559932,-3.5114241668700927,0.0,0.0,-4.277326842123246,-0.6473041669143692,5.133627299002259,False,Does not meet criteria,
PLD,5,-0.8674630308802778,-4.2787550823211316,20.0,26.81398300415937,-9.615426515236823,26.81398300415937,16.48640558022348,False,Does not meet criteria,
A,5,-1.08515988605562,-5.329179569625739,40.0,7.479743874441977,-8.838521592989634,13.992502252759333,10.523801910721291,False,Does not meet criteria,
PCG,4,-1.1202406374421159,-5.497583105850172,25.0,24.715420505712263,-6.67716563035903,24.715420505712263,18.138022407083074,False,Does not meet criteria,
LYB,3,-1.156843800940155,-5.673039104843119,66.66666666666666,2.9070722364076675,-10.946219462713675,3.8981670671330857,8.059373379103702,False,Does not meet criteria,
XEL,4,-1.2273357231745274,-6.010204757499687,0.0,0.0,-8.322434159613797,-4.29009841403771,3.4296754667580136,False,Does not meet criteria,
PODD,5,-1.229263617230436,-6.019412374114982,20.0,0.43386047132186284,-11.314011075593003,0.43386047132186284,6.521163740809403,False,Does not meet criteria,
PEP,3,-1.2429652622402365,-6.084830585861182,33.33333333333333,23.95768122713936,-12.626872713339644,23.95768122713936,21.258561183650485,False,Does not meet criteria,
MHK,5,-1.3160333533529966,-6.433077191543543,40.0,16.433901927270455,-11.510090546034041,22.628756272231662,16.10784897670501,False,Does not meet criteria,
WEC,4,-1.3339415035124924,-6.518270455932579,0.0,0.0,-7.734932690751547,-2.032634340022214,3.918923596077938,False,Does not meet criteria,
OTIS,5,-1.3539590326200557,-6.613424998092632,40.0,11.370279308221878,-8.795645132026623,16.339606926963132,12.72708298461329,False,Does not meet criteria,
DVA,4,-1.3931081728907224,-6.799298641204805,25.0,44.43905947872233,-13.687883598855334,44.43905947872233,29.06597522207808,True,Avg Win 44.4% ≥40%,
AME,5,-1.460436643738583,-7.118270159149106,40.0,4.887141239499679,-9.159607269971817,5.736089006411045,8.392090443147518,False,Does not meet criteria,
APA,7,-1.5016601428923027,-7.313136379718727,28.57142857142857,35.499279256018006,-14.93132945156206,60.0600235998629,28.586340897028197,False,Does not meet criteria,
SPGI,6,-1.5152078555043191,-7.3771057937621665,33.33333333333333,12.787903321396943,-7.609203461374506,13.098619923865245,11.08705352310263,False,Does not meet criteria,
NEM,8,-1.541258479210117,-7.5000119411468225,12.5,1.7832107804000468,-11.837891356373774,1.7832107804000468,6.702880064510329,False,Does not meet criteria,
JNJ,5,-1.595687497127718,-7.756385118102989,20.0,3.7911683882393596,-10.474782780139748,3.7911683882393596,6.685988598034208,False,Does not meet criteria,
YUM,4,-1.6898472151140709,-8.198555224227858,50.0,3.694209278619677,-8.266348751198016,6.699061206184595,7.87630344787265,False,Does not meet criteria,
ALB,7,-1.6913303700033966,-8.205506454086226,14.285714285714285,27.151936032295538,-14.104620519031002,27.151936032295538,16.337257795484142,False,Does not meet criteria,
HPE,5,-1.719552875360364,-8.337699005603753,20.0,13.06034413419807,-8.178302670921195,13.06034413419807,10.097318319662993,False,Does not meet criteria,
LMT,4,-1.7619019879322684,-8.535773718261645,50.0,2.683882159826821,-8.362396551332793,3.12729521665532,6.506544488880521,False,Does not meet criteria,
DLTR,6,-1.8089357207281886,-8.755357406234724,16.666666666666664,25.541702100884457,-13.929677946413241,25.541702100884457,16.29827069985769,False,Does not meet criteria,
F,7,-1.8142744006833689,-8.780255093336017,14.285714285714285,68.70395753420904,-13.78544714392302,68.70395753420904,31.491306859616312,True,"Std Dev 31.5% ≥30%, Avg Win 68.7% ≥40%",
CRM,6,-1.8501334636664257,-8.947347937774575,16.666666666666664,39.17111858217299,-8.224854855773726,39.17111858217299,19.60237564512467,False,Does not meet criteria,
CMCSA,3,-1.872317353795483,-9.050595663261392,33.33333333333333,4.977403536827214,-6.823551372131005,4.977403536827214,8.044940637498028,False,Does not meet criteria,
PTC,5,-1.8782901299544075,-9.078377988815227,40.0,22.71188183534907,-11.544565266080832,42.98591283569231,23.793250031616232,False,Does not meet criteria,
ROK,5,-1.9023338147752256,-9.190148283386208,40.0,7.520749718163094,-16.249048350319384,12.36827654280049,13.90646852321074,False,Does not meet criteria,
IPG,5,-1.9109226217570607,-9.23004782295222,40.0,21.90294833455902,-12.502080902518157,42.61014131379928,23.90378185747149,False,Does not meet criteria,
AEE,5,-2.018129397057389,-9.726899733734081,20.0,6.042621742755974,-11.535310131564376,6.042621742755974,7.991370422524359,False,Does not meet criteria,
HBAN,4,-2.0298943643408007,-9.781291820812186,50.0,11.96469544649298,-18.93805006246982,12.030234631407897,19.446542325189537,False,Does not meet criteria,
CI,6,-2.0325744001205237,-9.79367855758661,33.33333333333333,12.982956240787379,-8.178058554688327,21.503897433445015,12.810564239514303,False,Does not meet criteria,
UDR,6,-2.0458330545063963,-9.854938103485074,33.33333333333333,18.078255267163744,-10.153238859970397,28.202789654809564,15.961298806127267,False,Does not meet criteria,
MDT,3,-2.0594753745077465,-9.917935538864095,33.33333333333333,0.1240900687438707,-6.447924102258912,0.1240900687438707,6.6993540678105985,False,Does not meet criteria,
STE,4,-2.067595809549372,-9.955417301177949,50.0,2.2079275364652755,-12.980313345259544,4.011067980840158,8.937533209285741,False,Does not meet criteria,
LH,5,-2.067628718554715,-9.955569174957182,20.0,26.72855476554265,-8.470917529881282,26.72855476554265,16.34846276498301,False,Does not meet criteria,
VRSN,6,-2.3532441721142106,-11.265969787597605,50.0,10.417316737391912,-12.391332365159798,29.47359382300937,16.36937508774439,False,Does not meet criteria,
VLTO,1,-2.35449899214607,-11.2716929988861,0.0,0.0,-8.689741327665391,-8.689741327665391,,False,Does not meet criteria,
CMG,6,-2.467454664318358,-11.785672215747782,33.33333333333333,30.81672813102019,-14.378264306331019,56.2595636733394,28.526410633428316,False,Does not meet criteria,
IFF,3,-2.4720710640471766,-11.806627272033657,66.66666666666666,5.280366395467752,-20.4365771317826,7.95182462871655,15.08610013290117,False,Does not meet criteria,
PFE,4,-2.631556613097419,-12.528130435943549,25.0,30.73162403974524,-12.795495601409245,30.73162403974524,21.79782923927255,False,Does not meet criteria,
ZBRA,5,-2.636403423688327,-12.549982876586855,40.0,20.172717629063694,-15.263390619023772,25.415161063234592,19.81847314239089,False,Does not meet criteria,
ACN,6,-2.8802794581352154,-13.643897659301674,33.33333333333333,13.108139490883689,-9.291027373260453,19.066594123587564,12.529977357540092,False,Does not meet criteria,
PEG,4,-2.9460858285848546,-13.93718906879418,50.0,14.587673245895232,-14.441392843871906,25.191005116506,19.115057092110003,False,Does not meet criteria,
TTWO,6,-2.95353496751668,-13.97033870162957,16.666666666666664,17.51238676279698,-14.147642180684631,17.51238676279698,13.75715548441578,False,Does not meet criteria,
SYY,3,-2.9638669091431757,-14.016300253295865,0.0,0.0,-6.940986538056318,-2.203561931381766,5.705121128584502,False,Does not meet criteria,
CHRW,7,-3.0247928923150647,-14.286929279708785,14.285714285714285,9.971469609851647,-11.227080169160935,9.971469609851647,8.384489062638682,False,Does not meet criteria,
PNW,4,-3.084372764542498,-14.550918904495191,25.0,1.8280897766790518,-12.471860338093189,1.8280897766790518,7.925605542729224,False,Does not meet criteria,
ROP,5,-3.148491830978206,-14.834293244934033,40.0,10.326297666461045,-11.14796153904507,16.021200438694674,12.617870665480838,False,Does not meet criteria,
HD,5,-3.3252453206656485,-15.611561161804167,40.0,12.064763527960903,-12.500072768461996,15.74510218542223,13.915116555313935,False,Does not meet criteria,
O,4,-3.3619471473331886,-15.77224173755645,25.0,10.778533859290148,-9.446918700484645,10.778533859290148,10.59972501772526,False,Does not meet criteria,
CPB,3,-3.617104448622721,-16.8825609420776,33.33333333333333,1.6612552330270876,-9.580622895753441,1.6612552330270876,6.719205108398137,False,Does not meet criteria,
PFG,7,-3.6457452341402186,-17.006456268882648,28.57142857142857,17.689171994899453,-11.342859894780611,32.79962141443073,16.78996175355414,False,Does not meet criteria,
CSX,5,-3.7775702465679073,-17.57480428075787,20.0,1.1862231334536268,-7.75631763276064,1.1862231334536268,5.269180045751473,False,Does not meet criteria,
KDP,4,-3.8226548649597403,-17.76846444664001,25.0,10.798761361310191,-9.252033637464288,10.798761361310191,11.914087151461068,False,Does not meet criteria,
DPZ,6,-3.825935256513102,-17.78254107666007,33.33333333333333,13.84451317963196,-10.835603190272321,18.425175768416196,13.17362273455198,False,Does not meet criteria,
INVH,5,-3.8337924177306304,-17.816249435138634,20.0,27.814703657827216,-10.402854750347569,27.814703657827216,17.375528501666924,False,Does not meet criteria,
MOS,6,-3.902687024733964,-18.11134358510968,16.666666666666664,94.13410588840885,-15.589764817367001,94.13410588840885,45.29519847998365,True,"Std Dev 45.3% ≥30%, Avg Win 94.1% ≥40%",
MCD,5,-3.9554203691588463,-18.336640918731646,20.0,1.6974512741074816,-8.47410553976388,1.6974512741074816,5.237959601432996,False,Does not meet criteria,
DGX,7,-3.982367989669533,-18.451579833221395,14.285714285714285,3.705950918275506,-8.54448423441166,3.705950918275506,4.964013596707325,False,Does not meet criteria,
BG,6,-4.04008790637217,-18.69733506259906,16.666666666666664,36.022699464839874,-11.008890595423388,36.022699464839874,19.57813689368553,False,Does not meet criteria,
ROL,5,-4.044119268112101,-18.714477288246133,0.0,0.0,-11.993941045716323,-2.533317252449884,6.096048658463837,False,Does not meet criteria,
CRL,6,-4.141752288018752,-19.128751095580945,16.666666666666664,28.305621376211636,-12.206085907481247,28.305621376211636,17.726154209182994,False,Does not meet criteria,
TAP,5,-4.236636063125998,-19.529737725639315,40.0,6.55449851009814,-10.794761861664064,9.960249459939737,10.212683698495939,False,Does not meet criteria,
NSC,6,-4.277096191031471,-19.700240596008253,33.33333333333333,1.0179827399378447,-9.561587523442219,1.7908971127051647,5.782699717019316,False,Does not meet criteria,
HAL,6,-4.285564531728603,-19.73589035959241,16.666666666666664,22.995716166607924,-9.929569437699286,22.995716166607924,13.860552130522862,False,Does not meet criteria,
J,6,-4.29511889455243,-19.776096809005693,33.33333333333333,16.312764057400447,-12.060540275284648,17.346922522478934,15.603320630184573,False,Does not meet criteria,
EFX,7,-4.30219265170062,-19.805854039001424,28.57142857142857,16.82103197793636,-10.088854147355377,18.744957177748013,13.37268538247282,False,Does not meet criteria,
DG,5,-4.434524335613654,-20.36090750503534,0.0,0.0,-11.618887426171474,-1.0942967854924395,9.035130517050149,False,Does not meet criteria,
DE,7,-4.434770646329844,-20.3619377571105,28.57142857142857,14.994175948459615,-9.845449687583486,15.135580924967204,12.233166275840174,False,Does not meet criteria,
TDY,5,-4.460658623064506,-20.470160771179163,20.0,2.030840791838964,-10.50877309047124,2.030840791838964,5.658226610031158,False,Does not meet criteria,
KEYS,5,-4.4631562777666005,-20.48059582290645,20.0,18.581710993618362,-13.926087883122456,18.581710993618362,15.225554457889524,False,Does not meet criteria,
JKHY,5,-4.466926187590959,-20.496344203948937,20.0,4.436390437771945,-8.246588691818094,4.436390437771945,7.418079750685731,False,Does not meet criteria,
LKQ,5,-4.507431156214481,-20.6653917103767,40.0,18.389440585542555,-16.47501062894522,36.68623267935934,23.427873788910087,False,Does not meet criteria,
AON,6,-4.603418345098076,-21.06484523544305,33.33333333333333,8.932581454103087,-9.560737752256657,15.866076297059328,11.473831860672595,False,Does not meet criteria,
JBHT,6,-4.6331631645384785,-21.188301753234782,16.666666666666664,24.743259375850695,-11.892753976164055,24.743259375850695,15.16663745579314,False,Does not meet criteria,
APTV,4,-4.685806181460284,-21.40641873092648,25.0,4.948233757259587,-12.21189347910802,4.948233757259587,9.733669745086674,False,Does not meet criteria,
PSA,7,-4.838596241474724,-22.03674109191892,28.57142857142857,19.738377564915044,-11.054767524891442,38.98180639311988,18.85726129638352,False,Does not meet criteria,
BIO,3,-4.864108499318586,-22.141594178771964,33.33333333333333,10.959272129077805,-18.45795696162153,10.959272129077805,17.262943432022702,False,Does not meet criteria,
DD,6,-5.091856547261786,-23.072624059486337,16.666666666666664,0.6660179721220041,-9.550077977424635,0.6660179721220041,6.085941334851168,False,Does not meet criteria,
INTC,6,-5.11060728180921,-23.148877678489644,16.666666666666664,8.043302470241102,-13.23821613759389,8.043302470241102,9.481843978820551,False,Does not meet criteria,
BEN,7,-5.2079319106573045,-23.543696006584078,14.285714285714285,22.840637419642132,-10.595638810576364,22.840637419642132,12.879811330892338,False,Does not meet criteria,
CCL,8,-5.2812937598485155,-23.840229177856408,25.0,14.762006286586896,-12.27986139193945,17.458133039803357,14.07254710930964,False,Does not meet criteria,
HOLX,4,-5.364834171106758,-24.176782498550374,0.0,0.0,-8.413449871282227,-5.159811024003068,2.9058739649567964,False,Does not meet criteria,
MSCI,6,-5.390296500599245,-24.279123611450178,16.666666666666664,15.834761988538967,-8.144856475703254,15.834761988538967,10.516149465194552,False,Does not meet criteria,
ZTS,5,-5.398850473839312,-24.313479888153015,20.0,18.846329419970658,-10.646088976723338,18.846329419970658,13.97581127535709,False,Does not meet criteria,
TMO,7,-5.678168014626661,-25.428494618225038,14.285714285714285,11.167727209181562,-8.974818418284526,11.167727209181562,7.851469107219298,False,Does not meet criteria,
CZR,5,-5.772772591000619,-25.803152274894682,20.0,19.770695604298023,-11.246893998364492,19.770695604298023,14.058546262191031,False,Does not meet criteria,
EMN,6,-5.86085908663706,-26.150640147781353,33.33333333333333,8.29724788113989,-10.84998597586973,14.53739645615312,10.857054929691948,False,Does not meet criteria,
BA,6,-5.8780874702041075,-26.218450886535592,16.666666666666664,8.648541408958717,-8.191720082146077,8.648541408958717,8.174106673340173,False,Does not meet criteria,
IQV,7,-5.945333095733463,-26.482652021789455,14.285714285714285,24.26611187671204,-10.127182658061207,24.26611187671204,13.52804845487819,False,Does not meet criteria,
PPG,5,-6.013305501092814,-26.74893815231317,20.0,0.29508914638552447,-7.541150445153874,0.29508914638552447,5.06751083736109,False,Does not meet criteria,
EIX,5,-6.015162545882946,-26.756202386665272,20.0,0.4421579329162548,-8.084412165927828,0.4421579329162548,8.505681305460692,False,Does not meet criteria,
MGM,5,-6.062849856208519,-26.94254415645596,20.0,24.20328145865831,-13.258961624773429,24.20328145865831,18.091160266597708,False,Does not meet criteria,
BBWI,7,-6.126613531904679,-27.191112173461846,14.285714285714285,82.35109243505389,-14.043779625446588,82.35109243505389,36.805602341230234,True,"Std Dev 36.8% ≥30%, Avg Win 82.4% ≥40%",
SRE,7,-6.13593687629348,-27.227400264358458,14.285714285714285,6.6496551715504655,-7.57045138025735,6.6496551715504655,6.07898716853061,False,Does not meet criteria,
CHTR,3,-6.185174694104378,-27.418802355956995,0.0,0.0,-10.289390755912725,-3.1188409373986326,7.355647877711168,False,Does not meet criteria,
IEX,5,-6.20969111777625,-27.513954561614945,20.0,4.735649001307272,-8.758174776943124,4.735649001307272,7.7248516031396495,False,Does not meet criteria,
EQIX,6,-6.318276627211217,-27.93419228820793,16.666666666666664,11.251593358911538,-8.51584772984883,11.251593358911538,9.346969996088566,False,Does not meet criteria,
BXP,5,-6.395169232980901,-28.23059336547849,40.0,8.258477524383053,-13.667138468800749,8.467979432687061,12.014524251926627,False,Does not meet criteria,
UNH,6,-6.42829801829995,-28.357994964599587,16.666666666666664,39.97311934524803,-12.238385315263205,39.97311934524803,22.780862995216143,False,Does not meet criteria,
DHR,7,-6.434743029046819,-28.382759141540465,28.57142857142857,11.026896150638716,-11.233144820186684,20.08846494753307,12.115756264892612,False,Does not meet criteria,
KMX,5,-6.499040222420971,-28.629438264083785,20.0,15.668694947176142,-11.328410108896328,15.668694947176142,12.568560436212667,False,Does not meet criteria,
MKC,4,-6.589194834977152,-28.974174260330166,0.0,0.0,-8.213616553447535,-5.177535243646976,2.523674694209062,False,Does not meet criteria,
HON,5,-6.618970081766218,-29.087736385345437,20.0,0.037710819100484815,-8.21500343580047,0.037710819100484815,5.374455950051432,False,Does not meet criteria,
ADBE,6,-6.627794517022845,-29.12136463775627,33.33333333333333,15.579959908773118,-14.623185114405864,28.10178311326414,17.63694400025441,False,Does not meet criteria,
FCX,8,-6.670578694155438,-29.28422603912344,25.0,12.194921577593659,-12.308400963246648,21.376969661883635,13.780773960197704,False,Does not meet criteria,
BBY,5,-6.858472941026528,-29.995916748809798,20.0,10.589077315788282,-9.225251170867304,10.589077315788282,9.62892842395091,False,Does not meet criteria,
TGT,5,-6.877047686073445,-30.06595995101925,20.0,23.79000351497978,-13.226333353671647,23.79000351497978,18.54247278445527,False,Does not meet criteria,
STZ,5,-6.913485077511272,-30.20319809188839,0.0,0.0,-6.88893152798622,-1.6682757855361743,5.1663753852705945,False,Does not meet criteria,
EXPE,8,-7.021512024988763,-30.608804846572813,25.0,0.9443466334783959,-13.869644128696606,1.507677191108171,10.702575483312835,False,Does not meet criteria,
UPS,5,-7.146158958148097,-31.0744666587829,20.0,13.810439017611703,-12.87435356552292,13.810439017611703,12.428183860670442,False,Does not meet criteria,
PYPL,5,-7.283908734661171,-31.58616448822019,40.0,4.74850620931619,-14.537016128559799,9.377961593121933,11.123849243101672,False,Does not meet criteria,
UNP,5,-7.288773539306604,-31.604179958343437,0.0,0.0,-7.034822889953091,-0.2500422229366176,5.178897213141692,False,Does not meet criteria,
VZ,5,-7.332913749558956,-31.767467582130394,20.0,11.141588311315067,-11.387674171370254,11.141588311315067,11.2791335212709,False,Does not meet criteria,
KVUE,4,-7.346305986708979,-31.81694763393395,25.0,0.5305653189050291,-12.14558001842214,0.5305653189050291,6.420606624372828,False,Does not meet criteria,
DOW,6,-7.349411809075146,-31.828418553161548,16.666666666666664,3.078328724202585,-7.899285836138461,3.078328724202585,5.6582519861583735,False,Does not meet criteria,
NDSN,6,-7.438481788388318,-32.156728974914486,16.666666666666664,5.92917276470961,-9.90049538428529,5.92917276470961,7.139007630374065,False,Does not meet criteria,
PPL,6,-7.509712852263418,-32.41837326745979,0.0,0.0,-11.539518479658584,-7.31501147526892,3.791715044636336,False,Does not meet criteria,
QRVO,5,-7.7640156332286825,-33.34588866157527,0.0,0.0,-8.840933795117891,-0.7090726633018056,5.015142046709616,False,Does not meet criteria,
CTSH,6,-7.826022727707649,-33.5704931194305,16.666666666666664,4.896418221859394,-10.499089749004854,4.896418221859394,8.182405949478198,False,Does not meet criteria,
HSIC,5,-7.98267879871688,-34.13523991470331,0.0,0.0,-8.697241869982962,-0.02800836419939462,5.104694329866622,False,Does not meet criteria,
HAS,6,-8.127826800404724,-34.65506239719386,16.666666666666664,2.7031316778795498,-12.454264821744852,2.7031316778795498,8.299998049235263,False,Does not meet criteria,
SWKS,6,-8.228716625266241,-35.01444252700805,16.666666666666664,5.498169481053168,-9.180615556867604,5.498169481053168,7.156617131523435,False,Does not meet criteria,
EPAM,6,-8.348552014674237,-35.439250482177684,16.666666666666664,26.48637500547735,-15.20325713969967,26.48637500547735,17.58409414161461,False,Does not meet criteria,
CTRA,8,-8.391952197060437,-35.592551368856384,12.5,52.31901484739989,-11.042865820859202,52.31901484739989,22.716657462134712,True,Avg Win 52.3% ≥40%,
BALL,5,-8.44279207497609,-35.77176035003659,20.0,7.40964800914883,-12.121197872033918,7.40964800914883,8.854496566327816,False,Does not meet criteria,
SNPS,9,-8.509208713974326,-36.00527515716549,22.22222222222222,28.539279550913648,-12.582350240302244,48.86010030992234,20.926425548386486,False,Does not meet criteria,
SBUX,6,-8.57779511726533,-36.24570463562007,16.666666666666664,4.157282504433875,-9.282810451273855,4.157282504433875,6.8389822598557295,False,Does not meet criteria,
FDS,7,-8.645108779841804,-36.480968666076606,14.285714285714285,7.178792763184369,-8.512407576156297,7.178792763184369,6.278144899361715,False,Does not meet criteria,
TROW,6,-8.670829495834397,-36.5706798431396,16.666666666666664,17.083090412980347,-11.48972606492487,17.083090412980347,12.495744208564684,False,Does not meet criteria,
ETSY,5,-8.678928567122412,-36.59890754566186,20.0,1.506180373202041,-11.105058545474504,1.506180373202041,6.257277538794786,False,Does not meet criteria,
QCOM,7,-8.687958159451071,-36.63036653404233,14.285714285714285,31.78804664998548,-12.64004794970594,31.78804664998548,17.231270914291773,False,Does not meet criteria,
WST,5,-8.703431630782177,-36.68424685363763,20.0,26.938350757084358,-15.764194023374174,26.938350757084358,23.4937636876968,False,Does not meet criteria,
EA,7,-8.96671298721461,-37.595413317489566,0.0,0.0,-10.39941727055827,-8.28299247519706,2.284456710699331,False,Does not meet criteria,
SJM,6,-9.159603182658882,-38.25628069152829,33.33333333333333,5.634631436883993,-13.675135697220805,9.034103108590408,10.987604296849083,False,Does not meet criteria,
LUV,8,-9.202749070641826,-38.403334341430615,12.5,5.488891767639445,-10.266705745556566,5.488891767639445,6.248812225207064,False,Does not meet criteria,
CAG,5,-9.345659081337942,-38.888411291599255,0.0,0.0,-9.28734876171024,-1.30549207771157,4.865677524431149,False,Does not meet criteria,
NKE,5,-9.385991621342116,-39.024756352233844,0.0,0.0,-9.347224322142475,-0.7016069113752601,5.567250820062088,False,Does not meet criteria,
COO,8,-9.446074929500071,-39.22741750106803,12.5,2.014156601858171,-7.703162120131547,2.014156601858171,4.55029679141328,False,Does not meet criteria,
PSX,7,-9.583391190999757,-39.68856099662776,14.285714285714285,23.26237839702864,-11.30277010488772,23.26237839702864,15.218196773292336,False,Does not meet criteria,
VRSK,8,-9.659698615544121,-39.94360720062251,25.0,12.270168708726334,-11.472969507668326,16.959119692100042,12.402982716230454,False,Does not meet criteria,
MPWR,8,-9.689590213622623,-40.04327967224117,25.0,5.341599834133708,-13.306310185614679,6.461686948888801,9.669986917324017,False,Does not meet criteria,
NEE,6,-9.957399343018691,-40.93038357677453,16.666666666666664,8.482810363765616,-12.392353345289845,8.482810363765616,9.571401777292659,False,Does not meet criteria,
CNC,6,-10.003705928368923,-41.08270016441342,16.666666666666664,10.877139695082201,-11.701730560777657,10.877139695082201,11.154354783880605,False,Does not meet criteria,
ARE,5,-10.13672481190573,-41.518491594696,20.0,4.027390342503304,-13.315476766292909,4.027390342503304,9.760254004761732,False,Does not meet criteria,
ADSK,6,-10.200600028612794,-41.72683775863645,16.666666666666664,2.4156025702978727,-11.600717619733402,2.4156025702978727,7.922175551640547,False,Does not meet criteria,
SBAC,6,-10.333846108443655,-42.1595425796508,16.666666666666664,6.221639600639605,-11.53187388016796,6.221639600639605,8.505598648091107,False,Does not meet criteria,
ALGN,4,-10.348109794898907,-42.20570975341794,25.0,3.1311902897319053,-14.971744152584444,3.1311902897319053,16.862588963319016,False,Does not meet criteria,
TECH,6,-10.472464692285243,-42.6069596599578,16.666666666666664,27.93264595740555,-13.52531843036265,27.93264595740555,17.132962247257638,False,Does not meet criteria,
AMCR,6,-10.549592917782002,-42.85470256061548,16.666666666666664,0.2691556341212177,-10.607464226807608,0.2691556341212177,5.546890594094441,False,Does not meet criteria,
LVS,7,-10.601804898444245,-43.021925586700355,14.285714285714285,10.41415759283292,-14.927866051848433,10.41415759283292,10.021984026933804,False,Does not meet criteria,
KMB,6,-10.736799468820045,-43.45246664962767,0.0,0.0,-8.967866616526033,-0.8330223487812705,6.160334262536664,False,Does not meet criteria,
WYNN,7,-10.809888462100348,-43.68448147315972,14.285714285714285,29.951171601176803,-17.665171864501346,29.951171601176803,18.820829570293576,False,Does not meet criteria,
GDDY,10,-10.83723258111725,-43.77108685989375,10.0,111.62608485456602,-13.64236972666873,111.62608485456602,39.67788395068347,True,"Std Dev 39.7% ≥30%, Avg Win 111.6% ≥40%",
DOC,6,-10.868644400950888,-43.870443967056225,33.33333333333333,4.381655919954651,-15.187367795336758,7.070455524651961,10.83293011329934,False,Does not meet criteria,
AMT,7,-10.937640536369287,-44.088188581848094,14.285714285714285,4.3775645672095695,-9.967412712157122,4.3775645672095695,5.964851908395484,False,Does not meet criteria,
TFX,5,-10.938065841079482,-44.08952869834897,0.0,0.0,-10.32837393905708,-6.422957136131613,2.687442132222329,False,Does not meet criteria,
APD,7,-10.994789001152983,-44.26803056106559,28.57142857142857,2.246307781326547,-11.894903757826459,4.187903040174468,7.061092180987632,False,Does not meet criteria,
CL,8,-11.079504484200896,-44.533771345138526,12.5,20.113226357570973,-10.472252395276664,20.113226357570973,11.036423376526827,False,Does not meet criteria,
FTV,6,-11.212242540908491,-44.948111044692936,0.0,0.0,-9.863350920552008,-0.8108196834214152,7.096754210885328,False,Does not meet criteria,
KHC,7,-11.234103025250663,-45.01610983676903,14.285714285714285,4.116509881685375,-10.08518202548282,4.116509881685375,5.829798808264135,False,Does not meet criteria,
BDX,6,-11.279714711458377,-45.157772090148875,0.0,0.0,-9.646480323619553,-4.048030646984834,3.582424884048752,False,Does not meet criteria,
AES,6,-11.354424493589143,-45.38917661905283,16.666666666666664,0.4748491425536467,-13.462368477303325,0.4748491425536467,7.949683654457824,False,Does not meet criteria,
ES,6,-11.368103324341671,-45.43146033287044,0.0,0.0,-10.847553459515256,-7.113912562628539,3.2139957468719342,False,Does not meet criteria,
DIS,4,-11.468177170888506,-45.74000966644285,0.0,0.0,-15.116722436844364,-6.100012158879871,10.221374569716975,False,Does not meet criteria,
HRL,6,-11.734957183788651,-46.555729089450814,0.0,0.0,-9.828227160381957,-1.3833779788825975,4.888457779628779,False,Does not meet criteria,
AWK,8,-11.963250303186124,-47.24594514236443,12.5,3.3565982185118153,-9.203781874198219,3.3565982185118153,5.34900824629573,False,Does not meet criteria,
MDLZ,8,-12.055531880266557,-47.5229128734588,12.5,1.4076065161747142,-8.920274566142327,1.4076065161747142,5.674211102077017,False,Does not meet criteria,
MKTX,5,-12.169928418285568,-47.864637254333466,0.0,0.0,-12.206950056650186,-2.6819824543799267,7.118976516474394,False,Does not meet criteria,
RMD,8,-12.223470052603103,-48.02396298141473,25.0,7.5665285741321195,-12.954567003497788,8.670809159825435,10.21002294593711,False,Does not meet criteria,
ZBH,6,-12.312873895265986,-48.28913589515682,0.0,0.0,-10.31624883344761,-1.9534567691523699,5.931936118391738,False,Does not meet criteria,
EW,6,-12.315393596326452,-48.29659363212582,16.666666666666664,12.92175935077435,-16.24356917938295,12.92175935077435,13.723654713653959,False,Does not meet criteria,
CSGP,7,-12.36699539591164,-48.449133791351315,0.0,0.0,-9.045489767872983,-4.571617564692543,2.9497608410787772,False,Does not meet criteria,
WY,7,-12.525262419931238,-48.914740939044904,14.285714285714285,3.686143063808796,-11.042344088140311,3.686143063808796,6.9625350419525835,False,Does not meet criteria,
HUM,6,-12.782863120329003,-49.66537281341547,16.666666666666664,1.9806217421273795,-12.612532779992456,1.9806217421273795,7.63100645427099,False,Does not meet criteria,
FMC,6,-13.212382764303243,-50.89730600776667,0.0,0.0,-11.142499261511375,-4.034892420497643,5.073597602700099,False,Does not meet criteria,
POOL,9,-13.216729396479154,-50.909648245239204,11.11111111111111,18.2649696330328,-10.580738078347402,18.2649696330328,10.110037523089392,False,Does not meet criteria,
RVTY,7,-13.271828642622696,-51.06588702125544,14.285714285714285,9.963547394705715,-11.310565042237139,9.963547394705715,8.882210370256418,False,Does not meet criteria,
CLX,5,-13.285486545451475,-51.10455355758664,0.0,0.0,-13.154191842898722,-0.2630032492455382,8.449702493424166,False,Does not meet criteria,
SWK,7,-13.359944689327508,-51.314920060729904,0.0,0.0,-10.330119791536484,-3.4049285112208767,5.06460450238808,False,Does not meet criteria,
MCHP,7,-13.47931537048006,-51.65066504230492,0.0,0.0,-9.406181750626912,-1.2329066029745417,5.72960259731504,False,Does not meet criteria,
DAL,9,-13.877836076393423,-52.75815204029075,11.11111111111111,1.470873723343395,-10.57637817440888,1.470873723343395,7.8245080025258495,False,Does not meet criteria,
DXCM,9,-14.023348688646397,-53.157429800033526,22.22222222222222,7.609824653536052,-12.080890959726021,13.948908530508861,10.131006561476466,False,Does not meet criteria,
HST,9,-14.03221854752086,-53.18168048582069,11.11111111111111,1.0704200049270596,-10.535517498995118,1.0704200049270596,5.053498212569096,False,Does not meet criteria,
VTRS,6,-14.56047954723556,-54.60795418357846,16.666666666666664,10.842881312928712,-18.507637151342152,10.842881312928712,14.639151544632714,False,Does not meet criteria,
CCI,8,-14.877159262108986,-55.44614617385858,0.0,0.0,-9.61124579196317,-3.6515931450937824,4.775147059458747,False,Does not meet criteria,
MTCH,6,-15.030408959924568,-55.84729423103332,0.0,0.0,-12.633067668762576,-9.476204831695634,2.504102796124403,False,Does not meet criteria,
UAL,10,-15.315629143550503,-56.58618730754847,20.0,13.549415927437478,-15.190485631480946,22.255068281465384,13.814440579207815,False,Does not meet criteria,
BF-B,7,-16.027802282617422,-58.38799269485471,0.0,0.0,-11.777735671166457,-6.641761413184262,3.385140324851492,False,Does not meet criteria,
CPAY,10,-16.687298665636575,-60.00264274902337,20.0,2.30647942957018,-11.141296439226004,4.215371936825786,6.96517598761484,False,Does not meet criteria,
ABNB,7,-17.72646177979862,-62.44469772148129,0.0,0.0,-13.489749632495782,-1.6345891092421845,9.278691125865187,False,Does not meet criteria,
BAX,7,-17.758075144413443,-62.517071894454915,0.0,0.0,-13.058532325001078,-8.356602298916286,3.373039339543931,False,Does not meet criteria,
GPN,7,-17.978116443599934,-63.01773605728146,0.0,0.0,-13.184269207643485,-3.1866771317374067,7.188422664842663,False,Does not meet criteria,
AKAM,8,-19.037729092503252,-65.3542783962249,12.5,13.441049396288202,-16.066464946407695,13.441049396288202,11.569581162949323,False,Does not meet criteria,
DAY,7,-19.043762840868585,-65.36723604621882,0.0,0.0,-13.802928139606484,-7.000383440095334,5.830185237814384,False,Does not meet criteria,
LULU,9,-19.750657363450376,-66.8586836700439,22.22222222222222,3.5178914616938166,-15.694011192590876,4.62343016290079,10.346749710573317,False,Does not meet criteria,
PAYC,7,-19.82670472113941,-67.01601763916013,0.0,0.0,-14.612461610023775,-5.928149823342726,7.9808826421389805,False,Does not meet criteria,
LW,9,-21.22782626386046,-69.80942946815483,11.11111111111111,41.807534016482236,-17.419108073962242,41.807534016482236,20.71859097921781,True,Avg Win 41.8% ≥40%,
ENPH,10,-24.25596188681407,-75.20169187736508,20.0,8.371076158092784,-17.54634347796723,14.876272119114736,12.801213361195675,False,Does not meet criteria,
NCLH,11,-24.315600386882995,-75.29953950176233,9.090909090909092,9.367867393372045,-13.498924224928402,9.367867393372045,8.501060563942065,False,Does not meet criteria,
AAL,11,-25.17942188592055,-76.68246562385553,9.090909090909092,14.421905209813223,-15.387440514173539,14.421905209813223,10.500078042434863,False,Does not meet criteria,
